time,date,event,detail,type,user
03:06:46,2026-08-24,High-confidence duplicate record found,Processed operations for identity BEN-10010.,match,eval_user
19:59:46,2026-08-23,ML deduplication algorithm triggered,Processed operations for identity BEN-10035.,ai,system
14:45:46,2026-08-23,ML deduplication algorithm triggered,Processed operations for identity BEN-10009.,ai,system
06:28:46,2026-08-23,Anomalous record flagged for review,Processed operations for identity BEN-10013.,anomaly,system
15:55:46,2026-08-22,ML deduplication algorithm triggered,Processed operations for identity BEN-10048.,ai,system
13:35:46,2026-08-22,ML deduplication algorithm triggered,Processed operations for identity BEN-10066.,ai,system
06:37:46,2026-08-22,Source record ingested,Processed operations for identity BEN-10076.,ingest,system
04:29:46,2026-08-22,Records merged into master identity,Processed operations for identity BEN-10081.,merge,admin_kamau
21:22:46,2026-08-21,Anomalous record flagged for review,Processed operations for identity BEN-10051.,anomaly,system
18:06:46,2026-08-21,High-confidence duplicate record found,Processed operations for identity BEN-10065.,match,admin_kamau
17:18:46,2026-08-21,High-confidence duplicate record found,Processed operations for identity BEN-10086.,match,system
13:53:46,2026-08-21,Source record ingested,Processed operations for identity BEN-10050.,ingest,system
12:49:46,2026-08-21,Data quality analysis completed,Processed operations for identity BEN-10018.,quality,system
12:44:46,2026-08-21,Records merged into master identity,Processed operations for identity BEN-10054.,merge,system
03:26:46,2026-08-21,Data quality analysis completed,Processed operations for identity BEN-10057.,quality,system
01:01:46,2026-08-21,High-confidence duplicate record found,Processed operations for identity BEN-10025.,match,director_grace
00:00:46,2026-08-21,Master beneficiary profile updated,Processed operations for identity BEN-10087.,update,admin_kamau
21:22:46,2026-08-20,Anomalous record flagged for review,Processed operations for identity BEN-10002.,anomaly,eval_user
19:03:46,2026-08-20,High-confidence duplicate record found,Processed operations for identity BEN-10043.,match,director_grace
18:19:46,2026-08-20,Data quality analysis completed,Processed operations for identity BEN-10096.,quality,system
16:01:46,2026-08-20,Records merged into master identity,Processed operations for identity BEN-10071.,merge,eval_user
08:05:46,2026-08-20,ML deduplication algorithm triggered,Processed operations for identity BEN-10039.,ai,system
19:20:46,2026-08-19,Records merged into master identity,Processed operations for identity BEN-10038.,merge,system
15:41:46,2026-08-19,Anomalous record flagged for review,Processed operations for identity BEN-10082.,anomaly,eval_user
04:55:46,2026-08-19,Records merged into master identity,Processed operations for identity BEN-10061.,merge,director_grace
02:54:46,2026-08-19,ML deduplication algorithm triggered,Processed operations for identity BEN-10023.,ai,system
23:57:46,2026-08-18,Master beneficiary profile updated,Processed operations for identity BEN-10086.,update,eval_user
23:04:46,2026-08-18,Anomalous record flagged for review,Processed operations for identity BEN-10026.,anomaly,admin_kamau
21:33:46,2026-08-18,Source record ingested,Processed operations for identity BEN-10072.,ingest,system
19:14:46,2026-08-17,ML deduplication algorithm triggered,Processed operations for identity BEN-10083.,ai,system
13:27:46,2026-08-17,High-confidence duplicate record found,Processed operations for identity BEN-10097.,match,admin_kamau
09:10:46,2026-08-17,High-confidence duplicate record found,Processed operations for identity BEN-10068.,match,admin_kamau
08:17:46,2026-08-17,Source record ingested,Processed operations for identity BEN-10057.,ingest,system
06:37:46,2026-08-17,Records merged into master identity,Processed operations for identity BEN-10023.,merge,eval_user
08:55:46,2026-08-16,Records merged into master identity,Processed operations for identity BEN-10008.,merge,admin_kamau
07:19:46,2026-08-16,High-confidence duplicate record found,Processed operations for identity BEN-10070.,match,director_grace
06:17:46,2026-08-16,Anomalous record flagged for review,Processed operations for identity BEN-10056.,anomaly,system
12:23:46,2026-08-15,Records merged into master identity,Processed operations for identity BEN-10070.,merge,eval_user
12:17:46,2026-08-15,High-confidence duplicate record found,Processed operations for identity BEN-10083.,match,system
10:56:46,2026-08-15,Data quality analysis completed,Processed operations for identity BEN-10019.,quality,system
23:55:46,2026-08-14,Anomalous record flagged for review,Processed operations for identity BEN-10017.,anomaly,system
17:32:46,2026-08-14,High-confidence duplicate record found,Processed operations for identity BEN-10062.,match,eval_user
15:53:46,2026-08-14,Source record ingested,Processed operations for identity BEN-10090.,ingest,system
12:47:46,2026-08-14,High-confidence duplicate record found,Processed operations for identity BEN-10094.,match,director_grace
07:06:46,2026-08-14,Source record ingested,Processed operations for identity BEN-10000.,ingest,system
04:20:46,2026-08-14,Anomalous record flagged for review,Processed operations for identity BEN-10038.,anomaly,admin_kamau
03:33:46,2026-08-14,Source record ingested,Processed operations for identity BEN-10045.,ingest,system
22:48:46,2026-08-13,Anomalous record flagged for review,Processed operations for identity BEN-10056.,anomaly,director_grace
22:28:46,2026-08-13,ML deduplication algorithm triggered,Processed operations for identity BEN-10061.,ai,system
22:23:46,2026-08-13,Master beneficiary profile updated,Processed operations for identity BEN-10099.,update,eval_user
10:07:46,2026-08-13,High-confidence duplicate record found,Processed operations for identity BEN-10006.,match,admin_kamau
05:43:46,2026-08-13,Anomalous record flagged for review,Processed operations for identity BEN-10044.,anomaly,admin_kamau
11:45:46,2026-08-12,Anomalous record flagged for review,Processed operations for identity BEN-10063.,anomaly,admin_kamau
09:20:46,2026-08-12,Anomalous record flagged for review,Processed operations for identity BEN-10046.,anomaly,eval_user
05:01:46,2026-08-12,Records merged into master identity,Processed operations for identity BEN-10071.,merge,admin_kamau
00:05:46,2026-08-12,High-confidence duplicate record found,Processed operations for identity BEN-10058.,match,director_grace
21:53:46,2026-08-11,Data quality analysis completed,Processed operations for identity BEN-10089.,quality,system
06:11:46,2026-08-11,Data quality analysis completed,Processed operations for identity BEN-10078.,quality,system
05:23:46,2026-08-11,Source record ingested,Processed operations for identity BEN-10092.,ingest,system
14:56:46,2026-08-10,Data quality analysis completed,Processed operations for identity BEN-10062.,quality,system
11:39:46,2026-08-10,Records merged into master identity,Processed operations for identity BEN-10060.,merge,director_grace
02:52:46,2026-08-10,Master beneficiary profile updated,Processed operations for identity BEN-10099.,update,system
13:07:46,2026-08-09,Master beneficiary profile updated,Processed operations for identity BEN-10097.,update,system
14:36:46,2026-08-08,Source record ingested,Processed operations for identity BEN-10034.,ingest,system
12:37:46,2026-08-08,ML deduplication algorithm triggered,Processed operations for identity BEN-10042.,ai,system
12:29:46,2026-08-08,Records merged into master identity,Processed operations for identity BEN-10017.,merge,admin_kamau
05:46:46,2026-08-08,Master beneficiary profile updated,Processed operations for identity BEN-10073.,update,admin_kamau
21:52:46,2026-08-07,Master beneficiary profile updated,Processed operations for identity BEN-10078.,update,eval_user
18:55:46,2026-08-07,Data quality analysis completed,Processed operations for identity BEN-10047.,quality,system
12:52:46,2026-08-07,Data quality analysis completed,Processed operations for identity BEN-10037.,quality,system
04:43:46,2026-08-07,ML deduplication algorithm triggered,Processed operations for identity BEN-10051.,ai,system
01:46:46,2026-08-07,Source record ingested,Processed operations for identity BEN-10003.,ingest,system
13:36:46,2026-08-06,Anomalous record flagged for review,Processed operations for identity BEN-10043.,anomaly,eval_user
12:20:46,2026-08-05,Data quality analysis completed,Processed operations for identity BEN-10090.,quality,system
08:21:46,2026-08-05,ML deduplication algorithm triggered,Processed operations for identity BEN-10091.,ai,system
07:17:46,2026-08-05,Records merged into master identity,Processed operations for identity BEN-10037.,merge,system
02:35:46,2026-08-05,Records merged into master identity,Processed operations for identity BEN-10069.,merge,eval_user
13:01:46,2026-08-04,Data quality analysis completed,Processed operations for identity BEN-10084.,quality,system
09:32:46,2026-08-04,Records merged into master identity,Processed operations for identity BEN-10057.,merge,eval_user
02:34:46,2026-08-04,Master beneficiary profile updated,Processed operations for identity BEN-10058.,update,admin_kamau
20:31:46,2026-08-03,Records merged into master identity,Processed operations for identity BEN-10055.,merge,director_grace
20:28:46,2026-08-03,High-confidence duplicate record found,Processed operations for identity BEN-10068.,match,system
09:15:46,2026-08-03,Master beneficiary profile updated,Processed operations for identity BEN-10022.,update,system
02:46:46,2026-08-03,Data quality analysis completed,Processed operations for identity BEN-10056.,quality,system
23:30:46,2026-08-02,Records merged into master identity,Processed operations for identity BEN-10098.,merge,system
15:12:46,2026-08-02,ML deduplication algorithm triggered,Processed operations for identity BEN-10061.,ai,system
04:22:46,2026-08-02,Records merged into master identity,Processed operations for identity BEN-10057.,merge,system
22:03:46,2026-08-01,Data quality analysis completed,Processed operations for identity BEN-10049.,quality,system
21:41:46,2026-08-01,Master beneficiary profile updated,Processed operations for identity BEN-10041.,update,admin_kamau
15:40:46,2026-08-01,Data quality analysis completed,Processed operations for identity BEN-10044.,quality,system
03:38:46,2026-08-01,ML deduplication algorithm triggered,Processed operations for identity BEN-10054.,ai,system
01:37:46,2026-08-01,Master beneficiary profile updated,Processed operations for identity BEN-10057.,update,admin_kamau
10:45:46,2026-07-31,Data quality analysis completed,Processed operations for identity BEN-10011.,quality,system
10:30:46,2026-07-31,Data quality analysis completed,Processed operations for identity BEN-10045.,quality,system
01:11:46,2026-07-31,Data quality analysis completed,Processed operations for identity BEN-10059.,quality,system
00:20:46,2026-07-31,High-confidence duplicate record found,Processed operations for identity BEN-10097.,match,system
19:21:46,2026-07-30,Anomalous record flagged for review,Processed operations for identity BEN-10073.,anomaly,system
16:36:46,2026-07-30,High-confidence duplicate record found,Processed operations for identity BEN-10076.,match,director_grace
15:49:46,2026-07-30,High-confidence duplicate record found,Processed operations for identity BEN-10092.,match,admin_kamau
12:13:46,2026-07-30,Data quality analysis completed,Processed operations for identity BEN-10031.,quality,system
08:14:46,2026-07-30,Master beneficiary profile updated,Processed operations for identity BEN-10086.,update,system
07:36:46,2026-07-30,Anomalous record flagged for review,Processed operations for identity BEN-10067.,anomaly,system
18:35:46,2026-07-29,Data quality analysis completed,Processed operations for identity BEN-10044.,quality,system
05:37:46,2026-07-29,Master beneficiary profile updated,Processed operations for identity BEN-10052.,update,eval_user
20:47:46,2026-07-28,Records merged into master identity,Processed operations for identity BEN-10073.,merge,admin_kamau
14:23:46,2026-07-28,Anomalous record flagged for review,Processed operations for identity BEN-10026.,anomaly,admin_kamau
22:04:46,2026-07-27,Data quality analysis completed,Processed operations for identity BEN-10016.,quality,system
19:33:46,2026-07-27,Data quality analysis completed,Processed operations for identity BEN-10054.,quality,system
19:07:46,2026-07-27,Data quality analysis completed,Processed operations for identity BEN-10058.,quality,system
11:44:46,2026-07-27,Master beneficiary profile updated,Processed operations for identity BEN-10049.,update,eval_user
00:51:46,2026-07-27,Records merged into master identity,Processed operations for identity BEN-10088.,merge,admin_kamau
00:15:46,2026-07-27,ML deduplication algorithm triggered,Processed operations for identity BEN-10073.,ai,system
23:42:46,2026-07-26,High-confidence duplicate record found,Processed operations for identity BEN-10009.,match,system
20:24:46,2026-07-26,Source record ingested,Processed operations for identity BEN-10005.,ingest,system
16:58:46,2026-07-26,ML deduplication algorithm triggered,Processed operations for identity BEN-10088.,ai,system
08:11:46,2026-07-26,ML deduplication algorithm triggered,Processed operations for identity BEN-10075.,ai,system
17:41:46,2026-07-25,ML deduplication algorithm triggered,Processed operations for identity BEN-10024.,ai,system
08:44:46,2026-07-25,High-confidence duplicate record found,Processed operations for identity BEN-10013.,match,director_grace
04:14:46,2026-07-25,Source record ingested,Processed operations for identity BEN-10035.,ingest,system
19:59:46,2026-07-24,Records merged into master identity,Processed operations for identity BEN-10088.,merge,director_grace
