canonical_person_id,canonical_national_id,programme_count,programmes
2,54589439,1,SCH
3,64914054,2,PLUS|TECH
4,79631857,1,TECH
5,96969050,1,SCH
6,45212476,2,PLUS|SCH
7,96605343,1,PLUS
8,76479831,1,TECH
9,86514083,1,TECH
10,47342819,1,SCH
11,97241147,1,PLUS
12,21989814,1,VOC
13,13600310,2,TECH|VOC
14,63415303,2,PLUS|SCH
15,11523452,2,SCH|TECH
16,58852098,1,PLUS
17,85672859,1,PLUS
18,71533194,2,SCH|TECH
19,37868462,2,PLUS|SCH
21,14650569,2,TECH|VOC
22,31424479,1,PLUS
23,12674689,3,PLUS|TECH|VOC
24,33535297,3,SCH|TECH|VOC
25,57040785,3,PLUS|SCH|TECH
26,91512791,1,SCH
27,98723294,1,PLUS
28,86703472,2,PLUS|TECH
29,48398732,1,SCH
30,46160937,2,TECH|VOC
31,26625933,3,PLUS|TECH|VOC
32,50998106,3,PLUS|SCH|VOC
33,90535106,1,VOC
34,66434872,1,SCH
35,10632635,2,SCH|VOC
36,32417070,2,TECH|VOC
37,65938669,2,TECH|VOC
38,74513622,1,TECH
39,60012498,2,SCH|TECH
40,11658959,2,PLUS|VOC
41,83886264,1,SCH
42,90524080,2,PLUS|TECH
43,71389561,1,PLUS
44,78759020,2,PLUS|SCH
45,48468887,1,PLUS
47,80517332,2,SCH|TECH
48,49786693,1,VOC
50,84500200,2,PLUS|VOC
51,23427820,2,PLUS|VOC
52,20120010,2,PLUS|TECH
54,57365168,1,TECH
55,28082355,4,PLUS|SCH|TECH|VOC
56,77693989,1,TECH
57,82978342,1,SCH
58,28531242,2,TECH|VOC
59,48387144,1,TECH
60,64644684,2,SCH|VOC
61,20204415,1,SCH
62,75874779,1,PLUS
66,83609531,1,PLUS
67,51562039,1,SCH
68,60782359,1,PLUS
69,11101134,2,PLUS|SCH
70,79946108,1,SCH
71,43382936,3,PLUS|SCH|VOC
72,46953423,3,PLUS|TECH|VOC
73,35718350,1,TECH
75,44103265,1,TECH
76,74764506,2,PLUS|VOC
77,62731823,2,PLUS|TECH
78,25103503,4,PLUS|SCH|TECH|VOC
79,38437423,1,VOC
80,81344862,2,SCH|VOC
81,66013532,3,PLUS|TECH|VOC
82,92138779,2,PLUS|SCH
83,71410640,1,TECH
84,79386491,3,PLUS|SCH|TECH
85,54988861,3,SCH|TECH|VOC
86,16565770,3,PLUS|SCH|TECH
88,92585240,2,TECH|VOC
89,72071682,1,TECH
90,39009803,2,SCH|VOC
91,13017249,1,SCH
92,24217270,1,VOC
93,54335867,2,PLUS|SCH
95,36261929,1,SCH
96,98917575,1,VOC
97,87569592,2,SCH|TECH
98,87036318,2,SCH|VOC
99,45064728,3,PLUS|SCH|TECH
100,73698335,2,PLUS|VOC
101,23946199,1,TECH
102,61378412,2,PLUS|VOC
103,54269149,3,PLUS|TECH|VOC
104,50113698,2,PLUS|VOC
105,75618337,1,TECH
106,32555403,2,PLUS|SCH
107,92147935,2,PLUS|TECH
108,82123324,3,PLUS|TECH|VOC
109,94828438,2,TECH|VOC
110,89426243,2,SCH|VOC
111,64406548,2,PLUS|TECH
112,97112459,2,PLUS|VOC
114,40438156,2,PLUS|VOC
115,81624345,1,SCH
116,88306842,2,SCH|VOC
117,69391930,1,VOC
118,50790697,1,SCH
119,57967465,1,SCH
121,51262331,2,SCH|TECH
122,77194013,1,TECH
123,28241849,1,TECH
124,32645646,1,PLUS
126,75425092,2,SCH|VOC
127,98750131,1,PLUS
128,99575241,1,VOC
129,52057523,2,TECH|VOC
130,45827376,3,PLUS|SCH|TECH
131,64627534,2,PLUS|TECH
132,25161415,1,TECH
133,94738725,2,PLUS|VOC
134,24875109,2,SCH|TECH
135,32650041,1,SCH
136,41606345,2,PLUS|VOC
137,85102924,3,SCH|TECH|VOC
138,73115555,1,SCH
139,62904575,2,PLUS|VOC
140,21970652,1,TECH
141,72213255,1,SCH
142,77571186,2,PLUS|SCH
143,90783964,3,PLUS|SCH|VOC
144,69762583,1,SCH
145,70173215,1,TECH
146,12433447,1,VOC
147,58538289,2,TECH|VOC
148,71572793,1,VOC
149,64215650,2,PLUS|SCH
150,57576607,3,PLUS|SCH|TECH
152,15406577,2,PLUS|SCH
153,70388500,2,SCH|TECH
154,34124750,1,VOC
155,32708438,1,VOC
156,88674767,1,TECH
157,38555376,2,PLUS|VOC
159,91339562,2,PLUS|VOC
160,72624210,3,PLUS|SCH|VOC
163,78870570,3,PLUS|SCH|TECH
164,15662934,1,SCH
165,33392072,2,PLUS|VOC
166,88829544,2,PLUS|TECH
167,88380820,2,PLUS|VOC
168,45651567,3,SCH|TECH|VOC
169,30036175,1,PLUS
170,86178952,1,VOC
171,61793831,3,SCH|TECH|VOC
172,91181404,1,TECH
173,18958209,1,PLUS
174,83608832,3,SCH|TECH|VOC
175,16531664,1,PLUS
176,12012537,1,PLUS
177,61321020,2,SCH|TECH
178,65686049,1,PLUS
179,36512868,2,SCH|VOC
180,19655576,3,SCH|TECH|VOC
181,66913730,3,SCH|TECH|VOC
182,21928391,2,PLUS|TECH
183,35754346,1,TECH
184,56047075,2,SCH|TECH
185,63709262,2,PLUS|SCH
186,61471131,2,SCH|VOC
187,61028923,1,PLUS
188,17893691,1,TECH
189,17264306,1,SCH
191,23346779,3,SCH|TECH|VOC
192,77934076,1,SCH
195,30869686,1,VOC
196,84378065,3,PLUS|SCH|VOC
197,55360034,1,TECH
198,81014138,1,TECH
200,35079956,1,SCH
201,18234220,2,SCH|VOC
202,89042306,1,PLUS
203,68535809,1,VOC
204,44740194,2,PLUS|SCH
206,34213769,1,VOC
207,24272571,1,PLUS
208,40317689,2,PLUS|SCH
209,10292428,2,PLUS|SCH
212,77551168,1,TECH
213,96791517,2,PLUS|TECH
214,57759672,1,TECH
215,62027391,3,PLUS|TECH|VOC
216,97280725,1,PLUS
217,99811868,1,SCH
218,58518736,2,PLUS|TECH
219,31567333,2,SCH|VOC
221,68719406,4,PLUS|SCH|TECH|VOC
223,79427754,1,SCH
224,60748656,1,TECH
225,95033882,1,TECH
226,22343983,4,PLUS|SCH|TECH|VOC
227,70317901,2,PLUS|VOC
228,61753132,3,SCH|TECH|VOC
229,87277029,1,TECH
230,28620619,1,TECH
233,17134621,3,PLUS|TECH|VOC
234,76460815,2,TECH|VOC
236,29850853,1,PLUS
237,48709538,1,PLUS
238,77376391,1,TECH
239,21488759,1,SCH
240,72117013,4,PLUS|SCH|TECH|VOC
241,79769403,2,SCH|VOC
242,62504528,1,SCH
243,85584413,2,SCH|TECH
244,41758221,2,PLUS|VOC
245,37318624,1,TECH
246,43739900,3,SCH|TECH|VOC
247,65866810,1,SCH
248,57216333,3,PLUS|TECH|VOC
249,39566459,3,SCH|TECH|VOC
250,46278860,2,PLUS|SCH
252,69566993,2,PLUS|TECH
253,40595256,1,VOC
254,31516822,1,VOC
255,58582114,1,SCH
256,29917719,2,SCH|TECH
257,70249712,2,PLUS|VOC
258,29219517,1,TECH
260,52253072,1,VOC
262,75655873,2,PLUS|SCH
263,12673605,1,SCH
264,13254023,3,PLUS|TECH|VOC
265,60543809,2,SCH|VOC
266,89646079,3,PLUS|TECH|VOC
267,31755769,1,SCH
268,28164926,1,SCH
269,98498817,2,SCH|VOC
270,25743269,1,TECH
271,36284674,1,PLUS
272,17522634,2,TECH|VOC
273,33215400,1,VOC
274,33891297,1,SCH
275,84036002,1,SCH
276,12919231,3,SCH|TECH|VOC
277,22133101,2,SCH|TECH
278,62019290,1,TECH
280,44715287,1,TECH
281,43866730,3,SCH|TECH|VOC
282,91786040,2,PLUS|SCH
283,46598410,2,PLUS|VOC
284,76971243,1,SCH
286,54836082,3,PLUS|TECH|VOC
287,33516421,1,VOC
288,18024377,3,PLUS|SCH|TECH
290,79366132,1,TECH
291,95716350,1,SCH
292,40546109,3,SCH|TECH|VOC
293,54109233,1,TECH
294,52951801,3,PLUS|SCH|TECH
296,16174008,2,SCH|VOC
297,98676416,2,PLUS|VOC
298,14306243,1,PLUS
299,10852813,1,PLUS
300,41269891,1,SCH
301,78036333,2,TECH|VOC
302,38162314,1,PLUS
303,80491768,1,TECH
304,47889634,2,SCH|TECH
305,87470671,2,SCH|VOC
306,84262472,4,PLUS|SCH|TECH|VOC
308,53952205,1,VOC
309,66596142,1,SCH
310,58412445,1,VOC
311,53555317,1,TECH
312,31369793,1,SCH
313,13537870,3,SCH|TECH|VOC
314,43137733,1,TECH
315,86471037,2,SCH|TECH
316,76434426,3,PLUS|SCH|TECH
317,84776506,1,SCH
318,26144121,3,PLUS|TECH|VOC
319,81393856,2,TECH|VOC
320,61660590,1,SCH
321,16007154,2,TECH|VOC
322,32463582,1,SCH
323,69327432,2,PLUS|SCH
324,90753445,1,VOC
325,61911006,3,SCH|TECH|VOC
327,13199132,1,SCH
328,88309134,2,PLUS|VOC
329,58638387,2,PLUS|VOC
331,45109738,2,PLUS|SCH
332,36779296,1,TECH
333,40563463,4,PLUS|SCH|TECH|VOC
334,59720070,1,VOC
336,94759650,2,TECH|VOC
337,41812000,1,VOC
338,91170992,3,PLUS|SCH|TECH
339,71195665,4,PLUS|SCH|TECH|VOC
340,28778595,2,SCH|VOC
341,30485751,2,SCH|VOC
343,54819596,1,PLUS
344,66796333,2,TECH|VOC
345,72505408,4,PLUS|SCH|TECH|VOC
347,25016273,2,SCH|VOC
348,42458322,1,TECH
349,44330502,1,SCH
350,89648700,2,PLUS|VOC
351,34518599,1,TECH
353,74476742,1,SCH
354,27089453,1,VOC
355,72992151,1,TECH
357,71036929,2,SCH|VOC
358,48143081,1,SCH
359,68410653,2,SCH|VOC
361,90410541,1,PLUS
362,41708297,1,VOC
363,59283521,2,TECH|VOC
364,65353136,1,TECH
365,97702160,1,TECH
367,67299090,2,PLUS|VOC
368,54044033,1,PLUS
370,14386856,2,PLUS|TECH
371,79107561,1,VOC
372,52943014,2,SCH|TECH
373,66686642,2,TECH|VOC
375,40799334,1,VOC
376,20694051,2,SCH|VOC
377,81751708,1,VOC
378,88699165,2,SCH|TECH
379,55728427,1,SCH
380,80458179,2,SCH|TECH
381,88960861,2,SCH|TECH
382,62135687,2,PLUS|TECH
383,47117787,2,PLUS|SCH
384,72220991,2,SCH|TECH
385,61617675,4,PLUS|SCH|TECH|VOC
386,67022224,2,PLUS|TECH
387,81803895,2,PLUS|VOC
388,54391723,1,VOC
389,37402375,2,PLUS|TECH
390,86140861,2,TECH|VOC
392,32135715,1,TECH
393,48785862,2,PLUS|TECH
394,87420166,2,PLUS|TECH
395,80910084,2,PLUS|TECH
396,15679986,1,SCH
397,49107858,1,SCH
398,14665068,1,SCH
399,65768929,2,PLUS|SCH
400,55324613,2,TECH|VOC
401,61846177,3,PLUS|SCH|VOC
402,70053039,2,PLUS|TECH
403,64070291,1,TECH
404,49517947,2,PLUS|VOC
405,25811556,1,TECH
406,42292892,3,PLUS|SCH|TECH
407,19819744,1,SCH
408,93938382,1,TECH
409,20548786,2,PLUS|TECH
410,67869281,3,SCH|TECH|VOC
412,34219451,2,PLUS|SCH
413,12169801,2,SCH|VOC
414,74102579,1,VOC
415,41874244,2,PLUS|VOC
417,62508567,1,VOC
418,38210669,1,PLUS
419,91211357,2,SCH|TECH
421,37392666,2,PLUS|VOC
422,82929177,1,VOC
423,44942332,1,VOC
424,39161475,1,VOC
425,76183001,3,PLUS|TECH|VOC
426,79651607,3,SCH|TECH|VOC
427,41713949,3,PLUS|SCH|VOC
428,25457874,2,PLUS|SCH
429,36568577,2,PLUS|TECH
430,59221290,2,TECH|VOC
433,84335596,1,VOC
434,16415390,2,SCH|VOC
435,62831328,2,TECH|VOC
436,52502178,2,SCH|TECH
437,43318451,1,PLUS
439,41291228,3,PLUS|TECH|VOC
440,87657839,1,TECH
441,45545064,2,PLUS|SCH
442,69750285,2,PLUS|SCH
443,50545587,3,PLUS|TECH|VOC
444,24037331,1,SCH
445,15971136,3,PLUS|SCH|VOC
446,46771858,1,PLUS
447,95031405,2,PLUS|SCH
448,22388317,3,PLUS|SCH|TECH
449,32095445,1,PLUS
450,36415300,1,TECH
451,14456047,2,PLUS|VOC
452,58537393,3,PLUS|SCH|VOC
453,44063535,1,TECH
454,25699847,1,TECH
455,16357179,1,SCH
456,99716761,3,PLUS|SCH|TECH
457,93460620,1,VOC
459,31839746,3,PLUS|TECH|VOC
460,55925432,2,PLUS|VOC
462,51910609,3,SCH|TECH|VOC
463,39766678,1,PLUS
465,62063088,2,SCH|TECH
466,16814758,1,SCH
467,37281556,1,VOC
468,87525372,2,PLUS|SCH
469,31566119,1,TECH
470,82613651,1,VOC
471,34049258,1,SCH
472,25041051,2,PLUS|SCH
473,28535751,1,TECH
475,27719312,1,TECH
476,59243476,3,PLUS|TECH|VOC
477,32451247,1,PLUS
478,42134668,1,PLUS
479,46004061,1,SCH
480,53365278,3,PLUS|TECH|VOC
481,40333941,3,SCH|TECH|VOC
482,31958106,2,PLUS|TECH
483,14881035,1,PLUS
485,14665196,1,PLUS
486,74220011,3,PLUS|TECH|VOC
487,42835306,2,PLUS|TECH
488,73906952,1,SCH
489,31246090,2,PLUS|SCH
490,71791460,1,PLUS
491,46545801,2,PLUS|TECH
492,39607195,2,TECH|VOC
493,52146187,1,SCH
494,46190360,1,TECH
495,56673900,2,PLUS|SCH
496,62560511,2,SCH|TECH
497,14494343,1,TECH
498,50546917,1,TECH
500,27691237,2,PLUS|VOC
503,12880851,2,SCH|TECH
504,52039919,1,TECH
505,25706912,2,SCH|VOC
507,17850078,2,PLUS|SCH
508,29438830,2,PLUS|SCH
510,40486002,1,SCH
511,30448683,2,PLUS|SCH
512,25673796,1,VOC
513,31811407,1,VOC
514,35976666,1,VOC
515,48906764,2,TECH|VOC
516,56293495,1,TECH
517,26492036,1,VOC
519,89984645,4,PLUS|SCH|TECH|VOC
520,53982040,1,TECH
521,14918680,2,SCH|TECH
524,79350676,1,TECH
525,20999047,1,TECH
526,87368164,2,PLUS|SCH
527,26355844,1,SCH
528,81260169,2,SCH|VOC
529,25527671,1,VOC
530,71985395,2,SCH|TECH
531,89453898,2,PLUS|VOC
532,14713027,2,PLUS|TECH
533,32395401,1,PLUS
534,29353979,1,VOC
535,23316648,2,SCH|TECH
536,13489239,1,SCH
537,42867023,2,PLUS|VOC
539,78946993,1,SCH
540,47393393,2,TECH|VOC
541,64130831,2,PLUS|SCH
542,50292372,1,VOC
544,22294633,1,SCH
546,36911168,4,PLUS|SCH|TECH|VOC
547,77004252,1,SCH
548,93403051,1,PLUS
549,83508869,4,PLUS|SCH|TECH|VOC
550,88753507,1,PLUS
551,80852543,2,TECH|VOC
552,24087799,1,VOC
553,90362099,2,TECH|VOC
554,83691032,2,PLUS|VOC
555,43005188,2,PLUS|SCH
556,67054128,2,SCH|TECH
557,75845066,2,PLUS|TECH
558,68402385,3,PLUS|SCH|VOC
559,50495382,2,SCH|VOC
560,73872605,2,PLUS|VOC
561,90018084,1,SCH
562,33630872,2,PLUS|TECH
563,65459928,2,PLUS|SCH
564,60564531,2,SCH|TECH
565,62025032,1,PLUS
566,65402833,1,VOC
567,97506740,1,TECH
568,46167085,3,PLUS|SCH|VOC
569,23125005,1,VOC
570,24212949,1,PLUS
571,10996386,1,PLUS
572,53035439,1,TECH
573,50248639,3,SCH|TECH|VOC
574,74050584,1,TECH
575,17367600,2,TECH|VOC
576,23306584,2,SCH|VOC
577,35338379,2,SCH|VOC
579,71151032,1,VOC
580,51347842,1,TECH
581,34566728,2,SCH|TECH
582,53305731,3,PLUS|SCH|TECH
583,66194219,2,TECH|VOC
584,18524087,3,PLUS|TECH|VOC
585,16953155,1,PLUS
587,84822264,1,VOC
589,63701561,2,SCH|VOC
590,99466466,1,TECH
591,68227454,3,PLUS|TECH|VOC
592,85701885,3,SCH|TECH|VOC
593,75025705,3,PLUS|TECH|VOC
594,96161779,1,VOC
595,93485270,1,TECH
596,73245675,3,SCH|TECH|VOC
598,83012855,2,PLUS|SCH
599,17170147,3,PLUS|SCH|TECH
600,24957006,2,SCH|VOC
601,42733135,2,PLUS|TECH
602,63180637,1,TECH
605,12152239,3,SCH|TECH|VOC
606,17598656,2,SCH|TECH
607,71740969,1,SCH
608,64341068,1,TECH
609,40595359,1,TECH
610,48164274,3,PLUS|SCH|VOC
611,50833796,2,PLUS|SCH
612,95133330,1,TECH
613,98830506,2,PLUS|VOC
614,50827124,1,PLUS
615,87169073,1,PLUS
616,70346785,1,TECH
617,44452054,1,TECH
618,16069615,1,SCH
619,72282219,2,SCH|TECH
622,58561828,2,PLUS|SCH
624,12267498,2,PLUS|TECH
625,62025775,2,TECH|VOC
626,39262205,1,TECH
627,16606138,2,SCH|TECH
629,60042850,2,TECH|VOC
630,20324372,2,PLUS|TECH
631,88536501,3,PLUS|SCH|VOC
632,22587924,2,PLUS|TECH
633,57876025,1,PLUS
634,81933142,1,SCH
635,67032586,1,TECH
636,66806940,1,SCH
637,22863109,2,SCH|VOC
638,20136881,2,SCH|TECH
639,67720123,2,SCH|VOC
640,95843097,3,SCH|TECH|VOC
641,62111008,2,TECH|VOC
642,77121355,2,SCH|VOC
645,47775156,1,VOC
646,19711151,2,PLUS|SCH
647,28150476,2,PLUS|SCH
648,42056846,2,SCH|TECH
649,55249515,1,SCH
650,49761155,3,PLUS|SCH|VOC
651,65277579,4,PLUS|SCH|TECH|VOC
652,14288227,1,VOC
654,72365495,3,PLUS|SCH|TECH
655,82910006,1,PLUS
656,95919174,1,TECH
658,62654955,1,PLUS
659,50543196,1,PLUS
660,47684709,2,PLUS|SCH
661,36281402,1,SCH
662,62451159,2,PLUS|VOC
663,70875238,2,PLUS|SCH
664,46881809,2,PLUS|VOC
666,50421249,1,VOC
667,30946019,4,PLUS|SCH|TECH|VOC
668,66755255,2,SCH|VOC
669,60224330,1,VOC
670,46834775,3,PLUS|SCH|TECH
671,79250561,1,PLUS
672,83206688,2,PLUS|SCH
673,37448673,1,PLUS
675,56814976,3,SCH|TECH|VOC
676,60984196,4,PLUS|SCH|TECH|VOC
678,61987708,2,PLUS|TECH
679,60598783,1,VOC
680,51570260,2,PLUS|SCH
681,71587674,3,PLUS|TECH|VOC
682,57778592,1,TECH
683,11502307,4,PLUS|SCH|TECH|VOC
684,13306687,4,PLUS|SCH|TECH|VOC
685,80176141,1,SCH
687,76577067,2,PLUS|SCH
689,11099317,3,PLUS|TECH|VOC
691,80272722,1,VOC
692,65798756,2,PLUS|SCH
693,41523901,1,PLUS
694,84219322,1,PLUS
695,31043077,1,PLUS
697,95624361,2,SCH|VOC
698,23439045,2,TECH|VOC
699,51105057,2,PLUS|TECH
701,36252609,2,PLUS|SCH
702,25125619,2,SCH|TECH
703,29457121,1,SCH
704,97510445,1,SCH
705,64543706,1,TECH
706,77053980,1,TECH
707,55868421,1,PLUS
708,26309371,2,SCH|VOC
709,92044472,1,TECH
710,46288827,2,SCH|TECH
711,22195202,1,VOC
713,33847090,2,SCH|VOC
714,12913715,1,PLUS
715,71113260,4,PLUS|SCH|TECH|VOC
717,33883732,1,SCH
718,78739465,1,TECH
719,38941630,1,TECH
720,28240842,1,VOC
721,47767869,2,PLUS|VOC
722,56091075,2,PLUS|SCH
724,12251618,2,PLUS|TECH
725,42700268,1,TECH
727,93326883,2,SCH|VOC
728,35929785,1,VOC
731,31193066,1,TECH
732,33287112,1,TECH
733,19941358,1,TECH
734,44845000,3,PLUS|SCH|TECH
736,87112395,2,PLUS|TECH
737,57726845,1,VOC
738,38852315,1,PLUS
739,65945823,1,VOC
740,97108374,2,PLUS|VOC
741,30559033,2,SCH|TECH
742,38218853,1,TECH
743,72054715,2,PLUS|SCH
744,81995285,1,TECH
745,95040154,1,VOC
746,14192932,1,TECH
748,52097153,2,PLUS|SCH
749,67601447,3,PLUS|SCH|TECH
750,52550453,2,SCH|VOC
751,19999329,1,PLUS
752,18815479,2,PLUS|TECH
753,40962820,2,SCH|TECH
754,18990534,2,SCH|TECH
755,21336167,1,PLUS
756,13600484,1,VOC
757,98054220,1,VOC
758,61944504,2,PLUS|VOC
759,49734257,2,PLUS|VOC
760,97812550,1,SCH
761,38947425,1,SCH
762,44065587,2,SCH|TECH
763,32653778,4,PLUS|SCH|TECH|VOC
766,11404682,2,SCH|VOC
769,58573820,2,PLUS|TECH
770,64427645,2,PLUS|TECH
771,11546923,1,TECH
772,64047337,3,PLUS|TECH|VOC
773,18209448,1,SCH
774,16774455,1,TECH
775,17266411,1,PLUS
776,19178028,3,SCH|TECH|VOC
777,51964629,1,PLUS
778,62444122,1,PLUS
779,48974564,1,TECH
780,60857535,3,PLUS|TECH|VOC
782,99363234,1,SCH
783,47309803,3,PLUS|TECH|VOC
784,70613787,2,TECH|VOC
785,62466791,1,VOC
786,26345515,1,TECH
787,79211878,2,PLUS|SCH
788,57471125,1,VOC
789,12271149,1,VOC
790,63687857,1,TECH
792,58344299,1,PLUS
793,74312089,1,TECH
794,88845927,1,TECH
795,97033089,3,PLUS|SCH|TECH
796,85253501,2,TECH|VOC
799,52582456,3,PLUS|SCH|TECH
800,19725451,1,VOC
801,29920279,1,SCH
802,95453300,1,VOC
803,12458919,2,SCH|VOC
804,87083341,2,SCH|VOC
805,83362808,1,PLUS
806,31829800,3,SCH|TECH|VOC
807,84110101,1,VOC
808,69715793,2,PLUS|TECH
809,18158813,1,PLUS
810,85272184,1,PLUS
811,48226449,2,TECH|VOC
812,39270317,2,TECH|VOC
813,54698618,2,SCH|VOC
814,52139442,1,PLUS
815,23873812,1,TECH
817,67937221,2,PLUS|SCH
818,40109240,1,SCH
819,49075648,2,PLUS|VOC
820,91335378,3,PLUS|TECH|VOC
821,66941236,1,PLUS
822,10370853,1,SCH
824,99068383,1,SCH
825,86964296,2,PLUS|TECH
826,57712356,2,PLUS|TECH
827,99390140,2,TECH|VOC
828,47586447,1,PLUS
829,44625815,3,PLUS|SCH|TECH
830,64643199,1,PLUS
831,76042903,2,PLUS|VOC
832,20724650,2,PLUS|VOC
833,32493148,1,PLUS
834,99367274,2,TECH|VOC
835,13039386,1,VOC
836,47384667,2,SCH|VOC
837,89811209,3,PLUS|SCH|TECH
838,12842173,1,VOC
840,93612431,3,PLUS|SCH|VOC
841,88248208,1,SCH
842,76245685,2,TECH|VOC
843,62687851,3,SCH|TECH|VOC
844,45365918,2,SCH|TECH
845,68987671,1,TECH
846,85085833,1,SCH
847,87323948,1,TECH
848,45668220,2,PLUS|VOC
849,61165027,1,SCH
851,17429594,1,VOC
852,89714295,1,PLUS
853,83927501,4,PLUS|SCH|TECH|VOC
854,95510088,4,PLUS|SCH|TECH|VOC
855,80422146,2,TECH|VOC
856,55161836,2,SCH|TECH
857,29918252,1,PLUS
858,86589871,2,SCH|VOC
860,63648445,1,SCH
861,34996513,1,PLUS
862,21071555,3,SCH|TECH|VOC
864,27148566,1,VOC
865,42482494,3,PLUS|TECH|VOC
866,37383624,2,SCH|VOC
869,41727657,2,TECH|VOC
870,62194039,1,SCH
871,41908888,2,TECH|VOC
872,35907091,1,VOC
874,19803499,3,SCH|TECH|VOC
875,18519119,3,PLUS|TECH|VOC
876,31914709,1,PLUS
877,11550868,1,VOC
879,82496804,2,PLUS|VOC
880,14542798,2,SCH|TECH
881,27028924,2,PLUS|VOC
882,29766571,2,TECH|VOC
883,81563076,1,SCH
884,60850210,3,PLUS|TECH|VOC
885,39510147,2,SCH|VOC
887,88298796,2,SCH|TECH
888,10500877,1,PLUS
889,63296865,2,SCH|VOC
890,40269419,1,VOC
891,86229768,1,VOC
893,88387626,1,SCH
894,34546715,3,PLUS|SCH|VOC
897,15757856,1,PLUS
898,45766054,1,TECH
899,45214814,3,PLUS|TECH|VOC
900,18115148,2,SCH|TECH
901,64286033,2,PLUS|SCH
902,92455201,1,TECH
903,17259175,1,VOC
906,26634072,2,PLUS|TECH
907,59427999,2,SCH|VOC
908,54417200,1,SCH
909,75876620,1,TECH
910,98318907,1,SCH
912,41858513,1,TECH
913,68379988,2,TECH|VOC
914,39155667,1,VOC
915,28437610,1,TECH
916,63096404,3,PLUS|SCH|VOC
917,94768182,1,TECH
918,10209894,2,PLUS|SCH
919,36003419,3,SCH|TECH|VOC
921,68602595,1,TECH
922,69372702,4,PLUS|SCH|TECH|VOC
923,62526204,1,TECH
924,40061384,2,PLUS|SCH
925,75515175,2,PLUS|SCH
926,34466254,1,TECH
927,56268308,1,SCH
928,37467964,2,TECH|VOC
929,60172721,2,TECH|VOC
930,38573279,1,TECH
931,40971850,3,PLUS|TECH|VOC
932,19222054,1,SCH
933,40578723,2,SCH|VOC
934,38204138,1,SCH
936,21463219,3,PLUS|TECH|VOC
937,52881821,2,SCH|VOC
939,90511561,3,PLUS|TECH|VOC
940,43795754,1,VOC
941,77002394,3,PLUS|TECH|VOC
942,41398029,1,TECH
943,20854852,2,PLUS|TECH
944,47299640,3,SCH|TECH|VOC
945,91256248,1,VOC
947,30544162,1,TECH
948,18904455,1,VOC
949,59803545,1,VOC
950,14109890,2,PLUS|VOC
952,88895533,1,VOC
954,98504112,3,SCH|TECH|VOC
956,25239435,1,VOC
957,99667571,1,VOC
959,85899286,2,PLUS|VOC
960,13269183,2,SCH|TECH
961,88448668,2,SCH|TECH
962,98415591,1,TECH
963,12135165,2,PLUS|TECH
964,87640642,2,PLUS|SCH
965,16944370,1,SCH
966,26272372,2,PLUS|VOC
967,32723062,2,PLUS|SCH
968,67612764,2,PLUS|SCH
969,85127595,1,PLUS
970,47411802,1,SCH
971,39605202,1,VOC
972,10112761,1,SCH
973,23329586,1,SCH
974,68670156,4,PLUS|SCH|TECH|VOC
975,38403396,1,TECH
976,99571805,3,PLUS|SCH|VOC
977,29024449,1,PLUS
978,86057239,1,SCH
979,38336171,2,TECH|VOC
980,90900715,1,TECH
981,98638560,3,PLUS|TECH|VOC
982,61440401,3,PLUS|SCH|VOC
983,95852507,1,TECH
984,55305628,1,VOC
986,90267569,3,PLUS|TECH|VOC
987,69866120,2,PLUS|VOC
988,42390660,3,SCH|TECH|VOC
989,11692090,2,SCH|VOC
990,63217173,2,SCH|TECH
991,84758190,1,VOC
992,77854979,1,VOC
993,42341555,1,VOC
994,40809400,1,SCH
995,34210268,1,VOC
996,75224158,1,VOC
997,70692728,2,PLUS|TECH
998,61590666,3,SCH|TECH|VOC
1000,77350535,2,PLUS|VOC
1001,42530972,1,VOC
1002,46663600,2,PLUS|VOC
1003,72373944,2,TECH|VOC
1004,53298009,3,PLUS|SCH|TECH
1005,80935218,1,SCH
1006,42996518,3,SCH|TECH|VOC
1007,21281365,1,SCH
1008,53380330,1,TECH
1009,13450881,1,TECH
1010,90224792,2,PLUS|TECH
1011,45470187,1,SCH
1012,53225813,3,PLUS|SCH|VOC
1013,23875009,1,VOC
1014,60961074,1,SCH
1015,43823840,2,SCH|VOC
1016,99224381,1,SCH
1017,57535503,2,PLUS|TECH
1019,71222108,3,PLUS|SCH|VOC
1020,19372830,1,TECH
1021,87698494,1,TECH
1022,49353426,2,SCH|TECH
1023,92686915,1,TECH
1024,56982946,1,SCH
1025,50468810,3,PLUS|TECH|VOC
1026,67667535,1,VOC
1027,10580409,1,VOC
1028,93260858,1,VOC
1029,82483315,1,TECH
1030,31255444,2,SCH|VOC
1031,43490657,2,SCH|TECH
1032,21394849,1,VOC
1033,14558338,1,VOC
1034,68833120,2,PLUS|SCH
1035,87753029,1,PLUS
1036,54361087,2,SCH|TECH
1037,41110667,3,SCH|TECH|VOC
1038,36349479,1,VOC
1042,25099746,1,VOC
1043,33820621,2,SCH|TECH
1044,32305372,1,TECH
1045,35395354,2,PLUS|TECH
1046,56594543,2,SCH|TECH
1047,50004437,2,PLUS|TECH
1048,11916830,2,TECH|VOC
1049,10357092,3,SCH|TECH|VOC
1050,95121229,2,PLUS|VOC
1051,72284373,1,SCH
1053,59039768,2,SCH|VOC
1056,35898734,1,VOC
1058,50880085,4,PLUS|SCH|TECH|VOC
1059,87921068,2,SCH|VOC
1061,38790311,2,SCH|VOC
1062,91506018,1,SCH
1063,53300586,1,PLUS
1064,72390872,2,SCH|TECH
1065,51877379,1,PLUS
1066,73252068,1,TECH
1067,42180102,3,PLUS|TECH|VOC
1068,56126985,1,SCH
1069,70980810,1,VOC
1070,22721215,1,PLUS
1071,47932567,1,SCH
1072,29352405,1,SCH
1073,26103879,1,VOC
1074,84166566,1,SCH
1075,60048429,1,PLUS
1076,13588414,1,PLUS
1077,73175517,3,PLUS|SCH|VOC
1078,27976106,1,VOC
1079,99543733,3,PLUS|SCH|VOC
1080,19160128,3,PLUS|SCH|VOC
1081,77804320,1,PLUS
1083,30842471,2,PLUS|VOC
1084,20067969,1,SCH
1085,61923115,1,SCH
1086,91536470,1,TECH
1087,72051615,1,PLUS
1088,91222606,1,VOC
1089,91541051,2,PLUS|VOC
1090,91651740,3,PLUS|SCH|TECH
1091,83904042,3,SCH|TECH|VOC
1092,95094024,1,SCH
1093,25475831,2,PLUS|VOC
1094,96643468,2,PLUS|SCH
1095,46797799,2,PLUS|SCH
1097,94450591,1,TECH
1098,90611355,4,PLUS|SCH|TECH|VOC
1099,88390358,1,VOC
1100,13225980,1,SCH
1101,35798812,1,TECH
1104,84320493,1,SCH
1105,39652877,1,PLUS
1106,70104994,2,PLUS|VOC
1107,39398504,2,PLUS|VOC
1108,66021490,2,PLUS|TECH
1109,32116549,1,TECH
1110,26492810,3,PLUS|TECH|VOC
1111,43316955,1,SCH
1112,64128162,2,TECH|VOC
1114,34608805,1,SCH
1115,88105918,2,PLUS|VOC
1116,87653536,1,SCH
1118,97016569,2,PLUS|VOC
1119,64452866,3,SCH|TECH|VOC
1120,26250534,1,TECH
1121,30142372,2,TECH|VOC
1122,93757881,1,TECH
1123,50983865,2,SCH|TECH
1124,25214279,1,VOC
1125,37618698,1,SCH
1126,66716313,1,SCH
1127,16108651,1,SCH
1128,77372346,1,TECH
1131,41208729,2,PLUS|SCH
1132,83470479,2,PLUS|SCH
1133,60057264,4,PLUS|SCH|TECH|VOC
1134,69002986,1,TECH
1135,82978165,3,PLUS|TECH|VOC
1136,81798741,2,PLUS|TECH
1137,19272837,2,TECH|VOC
1139,93402670,1,TECH
1140,66348257,2,TECH|VOC
1141,15021097,1,TECH
1142,25046526,2,PLUS|SCH
1143,40695523,2,PLUS|TECH
1144,47452871,1,VOC
1145,66111339,1,TECH
1146,26935536,2,SCH|VOC
1147,72823339,1,TECH
1148,46438376,1,PLUS
1149,51101764,2,PLUS|VOC
1151,87472932,1,TECH
1153,57311796,1,VOC
1154,90102255,2,PLUS|VOC
1155,49071526,1,PLUS
1157,21409636,2,SCH|TECH
1158,44449463,1,SCH
1159,20152046,1,VOC
1161,89989525,1,TECH
1162,67430990,1,TECH
1163,32894591,2,PLUS|VOC
1164,55238218,2,PLUS|TECH
1166,10176075,2,SCH|VOC
1167,10588283,1,SCH
1168,81973483,2,SCH|VOC
1169,15598844,2,PLUS|SCH
1171,49399106,1,SCH
1172,42904667,3,PLUS|TECH|VOC
1173,91699111,2,PLUS|VOC
1175,15976187,2,PLUS|TECH
1177,43827053,1,SCH
1178,56029251,3,PLUS|SCH|VOC
1180,50990965,1,VOC
1181,22896453,1,TECH
1182,99635309,2,TECH|VOC
1183,45350739,1,VOC
1184,43030672,2,PLUS|TECH
1186,80973199,2,PLUS|SCH
1187,30944246,1,SCH
1188,98150417,1,TECH
1189,78040572,1,TECH
1190,40564080,2,PLUS|SCH
1191,97489300,2,SCH|VOC
1192,82351312,3,SCH|TECH|VOC
1193,40671219,2,TECH|VOC
1194,60524625,3,PLUS|SCH|VOC
1195,92450997,2,PLUS|SCH
1196,97153508,1,VOC
1198,11638822,2,TECH|VOC
1199,66390287,1,SCH
1201,30416174,1,VOC
1202,89118492,2,SCH|VOC
1203,17363865,1,TECH
1204,73156467,1,PLUS
1205,53764429,3,PLUS|SCH|VOC
1206,28237898,1,SCH
1208,88931606,1,PLUS
1209,17681679,1,VOC
1210,37425725,3,PLUS|SCH|TECH
1211,42304973,1,PLUS
1212,24346289,1,TECH
1213,15707233,1,PLUS
1214,31034531,2,PLUS|SCH
1215,23488183,2,PLUS|TECH
1216,13713066,1,SCH
1217,22740257,2,PLUS|VOC
1219,58765052,1,PLUS
1220,45449104,1,SCH
1221,22913709,2,SCH|VOC
1222,61326806,1,VOC
1223,82679492,2,SCH|VOC
1224,88071161,1,PLUS
1225,90458662,2,SCH|TECH
1226,96025578,2,PLUS|VOC
1227,29178232,1,TECH
1228,11851426,2,PLUS|VOC
1229,60671655,3,PLUS|TECH|VOC
1230,74059068,2,PLUS|TECH
1232,30839000,3,SCH|TECH|VOC
1234,71631699,1,PLUS
1235,55990212,1,SCH
1236,30858205,3,PLUS|TECH|VOC
1237,23646357,2,PLUS|VOC
1238,84523599,2,PLUS|SCH
1239,60267929,2,PLUS|VOC
1240,83381520,1,SCH
1241,49086854,1,TECH
1242,24651096,2,TECH|VOC
1243,93829645,1,SCH
1244,49061399,2,TECH|VOC
1245,85007742,1,VOC
1246,64124001,1,PLUS
1247,40198707,2,SCH|TECH
1248,63604794,1,SCH
1249,68504096,1,VOC
1250,59587404,2,PLUS|SCH
1251,66752122,2,TECH|VOC
1252,92788466,1,TECH
1253,73374043,2,PLUS|VOC
1254,37852975,3,PLUS|SCH|VOC
1255,31121184,1,PLUS
1256,35520607,2,TECH|VOC
1257,46854409,3,SCH|TECH|VOC
1258,38292455,2,PLUS|SCH
1259,71623610,2,PLUS|TECH
1260,12782247,1,PLUS
1261,45150449,1,TECH
1263,66132595,1,SCH
1264,86456040,2,PLUS|TECH
1265,75453166,2,PLUS|VOC
1266,46790628,2,SCH|TECH
1267,50511614,1,TECH
1270,82041503,2,TECH|VOC
1271,11099806,2,TECH|VOC
1272,62218930,1,SCH
1273,54584415,2,SCH|TECH
1274,87636397,1,PLUS
1275,77666154,2,TECH|VOC
1276,97521058,1,PLUS
1277,12968722,1,TECH
1279,54734846,1,TECH
1280,60753938,1,TECH
1281,93443712,2,PLUS|TECH
1282,31948898,1,PLUS
1283,86966061,1,VOC
1284,28007273,3,SCH|TECH|VOC
1286,27409552,1,PLUS
1287,46102405,3,SCH|TECH|VOC
1288,40291145,1,PLUS
1289,87825976,1,VOC
1290,56574888,2,SCH|VOC
1291,22201828,1,VOC
1292,27369493,1,PLUS
1293,90004656,1,TECH
1294,99726004,1,PLUS
1295,15686390,1,PLUS
1296,41445855,1,PLUS
1297,84833535,1,VOC
1299,49585077,2,PLUS|TECH
1300,68829924,3,PLUS|SCH|VOC
1301,17334310,3,PLUS|SCH|TECH
1302,58913280,2,TECH|VOC
1303,26396664,1,SCH
1304,14273658,3,PLUS|SCH|TECH
1305,98820686,1,TECH
1306,32959320,2,PLUS|TECH
1307,17350085,2,SCH|TECH
1308,12770043,2,PLUS|VOC
1309,67858606,1,PLUS
1311,63101260,1,TECH
1312,44505080,1,VOC
1313,69580659,3,PLUS|TECH|VOC
1314,81436260,2,SCH|VOC
1316,58389938,1,PLUS
1318,85171040,2,SCH|TECH
1319,95500978,1,VOC
1320,70344473,1,PLUS
1321,44991603,1,VOC
1322,86828416,1,PLUS
1324,72458202,2,SCH|TECH
1325,66934872,2,PLUS|SCH
1326,71774245,1,VOC
1327,22358622,1,SCH
1328,64156562,2,PLUS|TECH
1329,40930568,3,PLUS|SCH|TECH
1330,96207549,1,PLUS
1331,18175303,3,PLUS|TECH|VOC
1333,12421892,2,PLUS|VOC
1334,84003335,1,PLUS
1335,54596393,3,SCH|TECH|VOC
1336,51052630,2,SCH|TECH
1337,77959317,2,SCH|VOC
1338,51326142,2,SCH|TECH
1339,35066481,1,PLUS
1340,68518015,2,SCH|VOC
1341,28865768,4,PLUS|SCH|TECH|VOC
1342,60968846,3,PLUS|SCH|TECH
1343,27030337,1,SCH
1344,69444048,2,PLUS|VOC
1345,93410225,2,SCH|TECH
1346,50579039,2,SCH|TECH
1348,42528171,1,PLUS
1349,19561156,1,TECH
1350,46193334,1,VOC
1351,86984297,1,TECH
1352,14454330,1,TECH
1354,87918067,2,SCH|VOC
1355,36358707,4,PLUS|SCH|TECH|VOC
1357,33000256,2,SCH|TECH
1358,39029725,2,PLUS|SCH
1359,98451307,2,PLUS|TECH
1360,43091057,3,PLUS|TECH|VOC
1361,34921334,2,PLUS|TECH
1362,89576137,2,SCH|VOC
1363,39167155,1,VOC
1364,30814233,1,SCH
1365,11978622,2,PLUS|SCH
1366,32330427,1,TECH
1368,42123671,2,PLUS|SCH
1369,25706272,1,TECH
1370,92746886,2,SCH|VOC
1371,46207497,2,SCH|VOC
1373,12648580,3,PLUS|SCH|VOC
1374,85643715,3,SCH|TECH|VOC
1375,49320205,4,PLUS|SCH|TECH|VOC
1376,44182277,4,PLUS|SCH|TECH|VOC
1377,60493921,2,PLUS|TECH
1379,74535895,1,TECH
1380,75939468,2,SCH|TECH
1381,19068973,3,PLUS|SCH|TECH
1382,31525708,2,TECH|VOC
1383,78189543,2,PLUS|SCH
1384,67009139,2,SCH|VOC
1385,85306558,2,PLUS|SCH
1386,98685344,1,VOC
1387,85770079,1,TECH
1388,49514786,3,PLUS|SCH|VOC
1389,25132415,2,TECH|VOC
1390,26699133,2,SCH|VOC
1391,21887286,1,SCH
1392,35767377,1,PLUS
1394,16291715,1,TECH
1395,54653615,2,SCH|VOC
1396,70098447,3,PLUS|SCH|TECH
1397,73841910,2,PLUS|TECH
1398,34216590,2,SCH|TECH
1399,31356343,1,SCH
1400,36235070,3,SCH|TECH|VOC
1401,42093745,1,PLUS
1402,57894141,1,SCH
1404,17075698,2,SCH|TECH
1405,31281052,1,VOC
1406,74731404,2,SCH|TECH
1407,72452939,1,TECH
1409,72298589,1,SCH
1410,31168076,2,PLUS|TECH
1411,41424136,2,PLUS|VOC
1412,19576043,3,SCH|TECH|VOC
1413,72169894,2,PLUS|TECH
1414,89868447,1,PLUS
1415,76805175,2,PLUS|VOC
1416,61901085,4,PLUS|SCH|TECH|VOC
1417,94997392,1,PLUS
1418,30847169,1,PLUS
1419,92509986,2,PLUS|TECH
1420,55349245,3,SCH|TECH|VOC
1421,29600614,1,PLUS
1422,27988956,1,SCH
1423,89112811,1,SCH
1424,47549488,1,VOC
1426,83502838,1,VOC
1427,73366381,2,SCH|VOC
1429,46365564,1,PLUS
1430,60968569,1,PLUS
1431,18604884,1,SCH
1432,23062971,1,VOC
1433,71859648,1,PLUS
1434,43800407,1,PLUS
1435,98519805,1,VOC
1436,21647236,1,VOC
1437,14492483,2,SCH|TECH
1438,58269850,1,SCH
1439,57560131,3,PLUS|TECH|VOC
1442,75890329,2,PLUS|VOC
1443,55242772,1,TECH
1444,70204171,2,SCH|VOC
1445,76703346,3,PLUS|SCH|VOC
1446,81309530,1,TECH
1447,59642867,1,SCH
1448,90237609,2,PLUS|VOC
1449,14985525,2,SCH|VOC
1450,68239787,2,PLUS|TECH
1451,31183862,3,PLUS|SCH|VOC
1452,73860744,2,SCH|VOC
1453,60292368,1,TECH
1454,18037525,1,PLUS
1456,52524395,2,SCH|VOC
1457,79718531,1,PLUS
1458,19121702,1,VOC
1459,24504338,2,PLUS|VOC
1460,40299882,4,PLUS|SCH|TECH|VOC
1462,14573121,1,VOC
1463,95174825,1,VOC
1464,57270850,2,TECH|VOC
1465,20365975,2,SCH|TECH
1466,26122249,1,VOC
1467,15043991,1,SCH
1468,61159757,2,SCH|TECH
1469,23238967,1,SCH
1470,61696348,2,PLUS|TECH
1471,16018949,1,VOC
1472,71524281,3,PLUS|SCH|TECH
1473,37332854,2,TECH|VOC
1474,64739517,1,TECH
1476,28774471,3,PLUS|SCH|VOC
1477,75565298,2,SCH|TECH
1478,43197634,1,VOC
1479,24527093,2,TECH|VOC
1480,89609762,3,SCH|TECH|VOC
1481,98988209,1,SCH
1482,93828732,2,PLUS|TECH
1483,33053150,1,VOC
1484,12571720,1,TECH
1485,28156328,2,SCH|VOC
1486,65796147,2,SCH|TECH
1487,36304716,1,VOC
1488,56509909,3,PLUS|SCH|TECH
1489,43915764,2,SCH|VOC
1490,36103070,2,SCH|VOC
1491,30164072,1,TECH
1492,48333001,4,PLUS|SCH|TECH|VOC
1493,92850903,2,PLUS|VOC
1494,78313344,2,PLUS|VOC
1495,94956292,1,TECH
1496,80629700,2,PLUS|TECH
1497,80650431,1,PLUS
1498,27668895,2,SCH|TECH
1500,33179292,3,PLUS|TECH|VOC
1503,28008622,2,SCH|VOC
1504,25049281,2,SCH|TECH
1505,79218993,3,PLUS|TECH|VOC
1507,80019294,1,TECH
1508,31992370,2,SCH|TECH
1509,12946241,2,TECH|VOC
1510,11544791,1,VOC
1511,25851419,2,SCH|TECH
1513,74642957,1,VOC
1515,36419131,1,VOC
1516,64621853,1,TECH
1518,90632613,3,PLUS|SCH|TECH
1519,76739837,3,PLUS|TECH|VOC
1520,49059332,2,PLUS|VOC
1521,55799693,1,VOC
1522,78380880,1,VOC
1524,68802124,2,PLUS|SCH
1525,56299841,1,VOC
1526,10354523,2,SCH|TECH
1528,77465708,3,PLUS|SCH|TECH
1529,63223998,3,SCH|TECH|VOC
1530,96194417,1,TECH
1531,50450560,2,TECH|VOC
1533,35849313,4,PLUS|SCH|TECH|VOC
1534,83907211,1,VOC
1535,47549647,2,PLUS|SCH
1536,42211908,1,VOC
1537,75959809,1,PLUS
1538,87876113,1,VOC
1539,78572190,1,PLUS
1541,55342937,2,SCH|TECH
1543,49345327,2,PLUS|SCH
1544,78559883,1,SCH
1545,44462133,1,SCH
1546,45152963,3,PLUS|SCH|VOC
1547,52459428,1,PLUS
1548,87290551,2,SCH|TECH
1549,81404599,1,SCH
1550,82935310,1,VOC
1551,96244314,2,SCH|VOC
1552,47248849,1,PLUS
1553,91023692,1,VOC
1554,88445646,2,SCH|TECH
1555,75916227,3,PLUS|SCH|TECH
1558,68964116,2,PLUS|SCH
1559,99484103,1,SCH
1561,96095674,1,VOC
1562,41897383,1,PLUS
1564,26195804,3,PLUS|TECH|VOC
1565,52354648,1,VOC
1566,92546596,1,TECH
1567,73457995,1,TECH
1568,28327026,2,SCH|TECH
1569,33851205,4,PLUS|SCH|TECH|VOC
1571,88103477,1,VOC
1574,82987126,3,PLUS|SCH|TECH
1575,45616644,1,PLUS
1576,74377393,1,PLUS
1577,38703415,1,PLUS
1579,21980102,1,VOC
1581,16952045,3,PLUS|SCH|VOC
1582,31840594,1,SCH
1583,11951278,3,PLUS|TECH|VOC
1584,86520791,2,SCH|VOC
1586,47334460,2,PLUS|TECH
1587,83502837,1,TECH
1588,27375659,3,PLUS|SCH|TECH
1589,61830999,2,SCH|TECH
1590,53241940,1,PLUS
1591,12827313,1,PLUS
1593,78320452,2,PLUS|SCH
1594,96939740,1,TECH
1596,53986248,1,SCH
1597,75525207,1,PLUS
1598,69193036,2,PLUS|TECH
1599,67561766,1,TECH
1600,40676127,4,PLUS|SCH|TECH|VOC
1601,41387892,1,SCH
1602,31245020,1,SCH
1603,21872464,1,PLUS
1604,45010574,1,TECH
1605,84541703,1,TECH
1606,82592239,2,PLUS|SCH
1607,61109406,1,VOC
1608,58798639,2,PLUS|SCH
1609,67437930,1,TECH
1610,19250084,1,PLUS
1611,78593346,1,TECH
1612,69976098,1,VOC
1613,21206698,2,PLUS|SCH
1615,38265460,1,TECH
1616,10016145,1,PLUS
1617,59449217,1,TECH
1618,75413577,2,PLUS|TECH
1619,35100154,3,PLUS|SCH|VOC
1620,41759505,1,SCH
1621,23330923,2,PLUS|SCH
1622,61372134,1,SCH
1623,10978095,2,PLUS|SCH
1624,43415626,2,PLUS|VOC
1625,64247608,1,VOC
1626,33231328,2,PLUS|SCH
1627,75817532,2,PLUS|SCH
1628,53043124,2,PLUS|VOC
1629,91306888,1,SCH
1630,56076501,1,TECH
1631,95430630,1,SCH
1633,41394014,1,VOC
1634,48080929,1,VOC
1635,85902034,2,SCH|TECH
1636,75910139,1,PLUS
1637,65767719,2,PLUS|VOC
1638,80510741,2,SCH|TECH
1639,34360444,1,VOC
1640,70058440,2,SCH|VOC
1641,62450460,2,TECH|VOC
1645,14688586,1,PLUS
1646,17076084,1,VOC
1648,15276122,3,PLUS|SCH|TECH
1649,38844653,1,PLUS
1650,49822568,1,PLUS
1651,48098536,2,SCH|VOC
1652,20072117,1,TECH
1653,83676377,1,PLUS
1654,31161881,2,SCH|VOC
1655,30138834,1,PLUS
1656,47959633,2,PLUS|VOC
1657,36616333,1,TECH
1658,97371709,2,PLUS|TECH
1659,41971752,2,SCH|VOC
1660,89748650,1,SCH
1661,92766793,2,SCH|VOC
1662,89362594,3,PLUS|SCH|TECH
1664,37685026,2,SCH|TECH
1665,95120667,2,PLUS|VOC
1666,65580224,1,PLUS
1670,62900471,2,PLUS|SCH
1671,23337370,2,PLUS|VOC
1672,96251321,3,PLUS|SCH|TECH
1673,63523596,2,SCH|VOC
1674,86986647,1,SCH
1675,86438116,2,TECH|VOC
1676,83018930,2,PLUS|SCH
1677,85366409,1,VOC
1679,13856812,3,SCH|TECH|VOC
1680,29846665,2,PLUS|VOC
1681,99066240,2,SCH|VOC
1682,44078615,2,PLUS|VOC
1683,72081735,1,SCH
1684,80313876,2,PLUS|VOC
1685,86830303,3,PLUS|SCH|TECH
1686,52939958,2,PLUS|TECH
1687,25681323,1,SCH
1688,26773207,3,PLUS|TECH|VOC
1689,58008794,2,PLUS|VOC
1690,24131536,4,PLUS|SCH|TECH|VOC
1692,62193650,3,PLUS|SCH|TECH
1695,21965928,2,PLUS|SCH
1697,46260563,2,PLUS|SCH
1699,48462628,3,PLUS|TECH|VOC
1701,63690535,2,TECH|VOC
1702,63573878,2,SCH|TECH
1703,62862467,3,SCH|TECH|VOC
1704,67742815,3,PLUS|SCH|TECH
1706,84819541,3,SCH|TECH|VOC
1707,62920955,1,TECH
1708,48003458,2,TECH|VOC
1709,16194289,1,PLUS
1710,62791055,1,VOC
1711,83745996,2,PLUS|TECH
1712,94856640,3,PLUS|SCH|TECH
1713,44905944,1,SCH
1714,28067677,3,PLUS|SCH|TECH
1715,14443293,2,PLUS|VOC
1716,46419627,2,PLUS|VOC
1717,56180341,2,SCH|VOC
1718,74354434,1,SCH
1719,23089706,2,SCH|VOC
1720,19777233,2,PLUS|SCH
1721,71814219,3,PLUS|SCH|TECH
1722,53634616,2,SCH|TECH
1723,67327320,2,PLUS|SCH
1725,25226934,3,PLUS|SCH|VOC
1726,60455763,1,PLUS
1728,89541250,2,PLUS|SCH
1730,14725195,2,SCH|VOC
1731,30344320,1,SCH
1732,41635154,4,PLUS|SCH|TECH|VOC
1733,59498486,3,SCH|TECH|VOC
1734,54004149,2,PLUS|TECH
1735,99849459,2,PLUS|VOC
1736,43305439,1,VOC
1737,12245490,1,TECH
1738,45143561,2,SCH|TECH
1739,36487434,1,TECH
1740,83568190,1,SCH
1742,14737076,2,PLUS|VOC
1743,44518559,1,SCH
1744,58066313,1,PLUS
1745,77503142,2,TECH|VOC
1746,27032738,4,PLUS|SCH|TECH|VOC
1747,49533451,2,SCH|TECH
1748,98126574,2,SCH|VOC
1749,56080521,1,SCH
1750,25264369,2,PLUS|VOC
1751,72571790,1,TECH
1752,67735664,2,PLUS|VOC
1753,78628629,1,SCH
1754,56659686,1,PLUS
1755,85887403,3,PLUS|SCH|TECH
1756,69342241,1,PLUS
1757,52413506,1,SCH
1758,24044274,2,PLUS|TECH
1759,47401092,1,SCH
1760,13083690,3,PLUS|SCH|VOC
1761,86938012,2,PLUS|SCH
1762,29886386,2,PLUS|SCH
1763,49905391,2,PLUS|VOC
1764,61762834,1,TECH
1765,31663649,2,SCH|TECH
1766,21489788,1,PLUS
1767,99290821,3,SCH|TECH|VOC
1768,43402877,2,PLUS|TECH
1770,11941728,1,TECH
1771,56995391,1,SCH
1772,52112003,4,PLUS|SCH|TECH|VOC
1773,30011106,2,SCH|TECH
1774,15961044,1,SCH
1776,26020678,2,TECH|VOC
1777,25554265,2,PLUS|VOC
1778,10991502,2,SCH|TECH
1779,94650751,3,PLUS|TECH|VOC
1780,69114124,1,PLUS
1781,79325387,3,PLUS|TECH|VOC
1782,49475426,2,SCH|VOC
1783,24277696,3,PLUS|SCH|TECH
1784,83888307,1,TECH
1785,15463042,1,SCH
1786,39413080,2,SCH|VOC
1787,97008713,1,VOC
1789,27697461,2,TECH|VOC
1790,47438725,1,PLUS
1791,99548878,2,PLUS|VOC
1792,72878778,2,PLUS|SCH
1793,34335725,2,PLUS|VOC
1794,56983195,1,VOC
1795,77191418,1,TECH
1796,80070728,1,VOC
1797,77799011,1,TECH
1799,87031272,2,SCH|TECH
1800,31465712,1,VOC
1801,55299368,1,TECH
1802,80854964,2,PLUS|SCH
1803,86825841,1,VOC
1804,11123267,2,PLUS|SCH
1805,30528733,4,PLUS|SCH|TECH|VOC
1806,35270325,1,VOC
1807,33608547,2,PLUS|VOC
1808,69215408,1,SCH
1809,24790853,2,PLUS|SCH
1810,37921512,3,PLUS|SCH|VOC
1811,22330471,2,TECH|VOC
1812,80957420,1,SCH
1813,39450832,2,PLUS|VOC
1816,72553771,2,SCH|TECH
1817,91542980,1,PLUS
1819,89520411,2,PLUS|VOC
1820,31216439,2,PLUS|TECH
1821,77431786,3,PLUS|TECH|VOC
1822,69843840,1,PLUS
1823,26947996,3,PLUS|TECH|VOC
1824,12193862,1,SCH
1825,45151432,1,PLUS
1826,58229521,2,TECH|VOC
1827,20599735,1,TECH
1829,77638590,1,TECH
1830,69463339,3,PLUS|SCH|VOC
1831,25376128,1,VOC
1832,39982417,1,SCH
1833,70640795,3,PLUS|SCH|TECH
1834,31889608,1,SCH
1835,34678331,2,PLUS|VOC
1837,80621626,1,TECH
1838,46069270,2,PLUS|VOC
1839,65192060,1,SCH
1840,45149345,1,SCH
1841,74105877,1,VOC
1843,43067977,1,PLUS
1844,79553479,2,PLUS|TECH
1845,16648129,1,TECH
1846,94624286,1,TECH
1847,74492536,4,PLUS|SCH|TECH|VOC
1848,55649927,2,SCH|TECH
1849,78812902,2,TECH|VOC
1850,23136524,3,PLUS|TECH|VOC
1851,46036538,1,VOC
1852,79891321,2,PLUS|TECH
1853,24649741,2,SCH|TECH
1854,71889175,1,TECH
1855,71596905,3,SCH|TECH|VOC
1856,33733169,1,SCH
1857,77953970,2,PLUS|VOC
1858,62880140,3,PLUS|SCH|VOC
1859,29942284,1,PLUS
1860,31225952,2,TECH|VOC
1861,87241350,2,TECH|VOC
1862,91772015,1,SCH
1863,53969051,1,SCH
1867,69278774,2,SCH|VOC
1868,93959277,1,TECH
1869,24398546,2,TECH|VOC
1870,26410285,1,PLUS
1871,74964934,2,PLUS|VOC
1872,43539303,3,PLUS|TECH|VOC
1873,47675950,1,PLUS
1874,24013159,2,PLUS|VOC
1875,10502052,3,PLUS|TECH|VOC
1876,86515426,3,SCH|TECH|VOC
1877,73541657,1,SCH
1878,68152649,3,PLUS|SCH|TECH
1879,17889537,1,TECH
1880,45707180,1,PLUS
1881,72772121,1,SCH
1882,81569760,3,PLUS|TECH|VOC
1883,35980604,2,SCH|VOC
1886,53246230,3,PLUS|SCH|TECH
1887,58660985,2,SCH|TECH
1888,68952302,1,TECH
1889,30307931,2,SCH|VOC
1890,61599700,1,SCH
1891,80822714,3,PLUS|SCH|TECH
1893,59917647,1,SCH
1894,97540265,1,PLUS
1895,82486770,1,SCH
1896,80529906,2,TECH|VOC
1897,60635121,3,PLUS|SCH|TECH
1898,80899398,1,TECH
1899,93415939,2,PLUS|TECH
1900,54838683,1,SCH
1901,87993653,1,TECH
1902,84515996,2,SCH|TECH
1903,70665647,1,TECH
1904,56379398,2,SCH|TECH
1905,47280397,1,TECH
1906,95394210,1,PLUS
1907,31654325,1,VOC
1909,97606127,2,PLUS|TECH
1910,41737742,2,SCH|TECH
1911,15126026,1,TECH
1912,46691719,1,TECH
1913,32236316,1,SCH
1914,65261046,1,VOC
1915,83846845,3,PLUS|SCH|VOC
1916,78564064,3,PLUS|SCH|VOC
1917,52163391,1,VOC
1918,17000794,2,PLUS|VOC
1919,77590047,2,TECH|VOC
1920,97518125,3,PLUS|SCH|VOC
1921,16637364,1,TECH
1922,32859170,1,VOC
1923,21477571,2,SCH|TECH
1924,74209943,2,PLUS|TECH
1925,91749555,1,PLUS
1926,32712561,1,SCH
1927,17530400,1,SCH
1928,46634354,1,VOC
1929,71604156,1,VOC
1930,49311181,1,PLUS
1932,89722688,1,TECH
1934,80647142,2,PLUS|SCH
1935,74318409,3,PLUS|TECH|VOC
1936,19717833,1,SCH
1937,10859190,2,PLUS|VOC
1938,34471441,1,PLUS
1939,94973393,1,VOC
1940,20012982,1,VOC
1941,20327493,2,SCH|TECH
1942,41071321,1,PLUS
1944,12871038,1,PLUS
1945,59335658,1,VOC
1946,65163300,1,SCH
1948,43296039,3,PLUS|SCH|TECH
1949,14817439,1,PLUS
1950,34706155,1,VOC
1951,71215394,1,VOC
1952,87881429,1,PLUS
1953,43452427,1,SCH
1954,30833313,3,PLUS|SCH|TECH
1955,87789671,1,VOC
1956,94989716,2,PLUS|SCH
1958,23582811,3,PLUS|SCH|VOC
1959,84642078,1,VOC
1961,74287218,2,PLUS|TECH
1963,73575916,3,PLUS|TECH|VOC
1964,13782653,2,TECH|VOC
1965,77626740,3,SCH|TECH|VOC
1966,37423498,3,PLUS|TECH|VOC
1967,65854454,2,PLUS|VOC
1968,95914139,1,SCH
1969,66601919,1,VOC
1970,44436835,1,TECH
1971,18612304,2,PLUS|SCH
1972,39231925,1,VOC
1973,56991068,2,SCH|TECH
1974,89750628,3,SCH|TECH|VOC
1976,82433847,1,SCH
1977,40718118,1,PLUS
1979,63703403,1,SCH
1980,14866710,2,SCH|TECH
1981,83116783,1,VOC
1982,43777420,1,SCH
1983,75317756,1,PLUS
1984,62543403,1,PLUS
1985,36738225,2,PLUS|VOC
1986,25687218,2,SCH|VOC
1987,48373096,4,PLUS|SCH|TECH|VOC
1989,38402180,1,SCH
1990,15425350,2,TECH|VOC
1991,28896219,2,PLUS|SCH
1992,76161613,4,PLUS|SCH|TECH|VOC
1993,56678696,2,PLUS|SCH
1994,15062785,2,SCH|TECH
1995,40954066,2,SCH|VOC
1996,14053301,1,PLUS
1997,48553029,1,TECH
1998,35125332,1,SCH
2001,69686509,3,PLUS|SCH|VOC
2002,44086060,2,PLUS|TECH
2003,26692837,4,PLUS|SCH|TECH|VOC
2005,91037151,1,PLUS
2006,45463719,1,VOC
2007,88399776,1,SCH
2008,94457909,1,PLUS
2010,95190598,3,PLUS|SCH|TECH
2011,82794055,2,PLUS|SCH
2012,92278420,1,SCH
2013,16777558,3,PLUS|SCH|TECH
2014,18206879,1,PLUS
2015,75566886,1,VOC
2018,54161644,3,SCH|TECH|VOC
2019,37234157,2,SCH|VOC
2020,50205857,2,SCH|TECH
2021,57318239,1,VOC
2022,57111504,1,VOC
2023,66823841,1,VOC
2024,97670851,3,SCH|TECH|VOC
2025,81778448,1,SCH
2026,97252135,2,SCH|TECH
2027,19502237,2,PLUS|SCH
2028,93462304,1,PLUS
2029,72923973,1,SCH
2030,51949099,1,SCH
2031,47781952,1,VOC
2032,72906871,1,TECH
2034,22303040,3,PLUS|SCH|VOC
2035,95667481,2,PLUS|SCH
2036,85891673,2,SCH|TECH
2037,99446929,1,SCH
2038,66741018,2,TECH|VOC
2039,77636701,2,PLUS|SCH
2040,79752010,1,TECH
2041,68606757,2,PLUS|SCH
2042,59079312,1,PLUS
2043,52549710,2,SCH|TECH
2044,42400492,2,PLUS|SCH
2045,72040483,1,SCH
2046,82239027,1,PLUS
2047,25012106,4,PLUS|SCH|TECH|VOC
2048,76678206,1,TECH
2049,14120244,1,VOC
2050,93195478,1,SCH
2051,41923612,2,SCH|TECH
2052,42724072,2,PLUS|TECH
2053,54336695,1,TECH
2054,33371123,1,SCH
2055,11789993,1,VOC
2056,42659117,2,PLUS|TECH
2058,50021320,3,SCH|TECH|VOC
2059,53699242,4,PLUS|SCH|TECH|VOC
2060,91499552,2,TECH|VOC
2061,72002380,4,PLUS|SCH|TECH|VOC
2062,74025259,1,SCH
2063,68080257,1,VOC
2064,77158078,1,PLUS
2065,81874786,1,SCH
2066,38438843,1,SCH
2067,30502761,1,SCH
2068,29199495,1,TECH
2069,58294486,4,PLUS|SCH|TECH|VOC
2070,51940537,3,PLUS|TECH|VOC
2071,36346210,1,SCH
2072,94788471,1,TECH
2073,12429893,3,PLUS|SCH|VOC
2075,78782838,2,SCH|TECH
2076,93373651,1,VOC
2077,76679708,3,PLUS|SCH|TECH
2078,38551356,2,SCH|TECH
2079,81521013,1,TECH
2080,64630096,1,VOC
2082,44831935,3,PLUS|SCH|TECH
2083,41891276,1,PLUS
2084,26497914,3,PLUS|TECH|VOC
2085,95913974,1,VOC
2086,99582601,2,PLUS|TECH
2087,90547120,2,TECH|VOC
2088,90233459,2,PLUS|SCH
2089,57297700,1,PLUS
2090,78479889,2,PLUS|SCH
2092,68353816,2,PLUS|SCH
2093,34914143,4,PLUS|SCH|TECH|VOC
2094,35767761,1,SCH
2095,24775883,2,PLUS|SCH
2096,20416193,1,SCH
2097,85642637,3,PLUS|TECH|VOC
2098,74594778,3,PLUS|SCH|VOC
2099,29206813,3,PLUS|SCH|VOC
2100,21153587,1,TECH
2101,81865711,1,TECH
2102,99309976,1,TECH
2103,60148340,2,PLUS|VOC
2105,46221486,1,SCH
2107,72768816,2,PLUS|TECH
2108,38792473,1,TECH
2109,36869304,2,SCH|VOC
2111,20969370,1,PLUS
2112,60890181,2,PLUS|VOC
2113,46879055,2,TECH|VOC
2114,61144210,2,PLUS|VOC
2115,13145430,1,PLUS
2116,74547148,3,PLUS|SCH|TECH
2117,70819026,1,TECH
2119,78148504,1,SCH
2120,80722730,2,TECH|VOC
2121,16893281,1,SCH
2122,84608123,1,SCH
2123,29741598,1,SCH
2124,90677906,2,PLUS|VOC
2125,28148594,2,TECH|VOC
2126,88733055,1,PLUS
2127,64570721,1,TECH
2128,11362154,1,TECH
2129,99379526,1,TECH
2130,29687397,1,PLUS
2131,48406527,1,PLUS
2132,38186515,1,PLUS
2133,24810962,1,TECH
2134,39930875,1,TECH
2135,23384713,2,PLUS|TECH
2136,35045820,2,PLUS|SCH
2137,87177243,1,TECH
2138,34827279,3,PLUS|SCH|TECH
2139,82494405,1,TECH
2140,49707312,1,PLUS
2142,79865892,2,PLUS|TECH
2143,77177290,2,PLUS|VOC
2144,41665325,2,PLUS|SCH
2145,10641625,1,SCH
2147,23657675,3,PLUS|TECH|VOC
2148,27850353,1,PLUS
2149,69671506,1,VOC
2150,80374251,1,TECH
2151,59735424,1,VOC
2152,87804495,1,PLUS
2153,14484757,2,PLUS|TECH
2154,17366514,1,SCH
2155,67643368,2,SCH|TECH
2156,36810554,2,SCH|TECH
2158,43170318,2,SCH|VOC
2160,62089071,1,PLUS
2161,15324758,1,VOC
2163,18952306,1,TECH
2164,15804102,1,PLUS
2165,71236550,1,PLUS
2166,17760673,1,PLUS
2168,72837908,1,SCH
2169,38710184,2,PLUS|TECH
2170,53771746,4,PLUS|SCH|TECH|VOC
2172,10036839,1,PLUS
2173,33218937,2,PLUS|SCH
2174,68176943,2,SCH|TECH
2175,10925764,2,TECH|VOC
2176,51808819,1,VOC
2177,16481532,1,PLUS
2179,26342487,1,SCH
2180,24219003,1,PLUS
2182,98061208,2,PLUS|SCH
2183,47532758,2,PLUS|SCH
2184,63606649,2,PLUS|VOC
2185,40563798,2,PLUS|SCH
2186,79415978,2,TECH|VOC
2188,41809725,1,TECH
2189,25228744,1,PLUS
2191,39096346,2,PLUS|SCH
2192,68997676,2,PLUS|TECH
2193,19492547,3,PLUS|SCH|TECH
2194,35966874,1,SCH
2195,48271336,1,VOC
2198,52055939,1,VOC
2199,30546143,3,PLUS|SCH|VOC
2201,82592759,2,PLUS|VOC
2202,75914907,1,TECH
2204,67585806,2,SCH|TECH
2205,53558017,2,PLUS|TECH
2206,26573957,1,TECH
2207,52977271,2,PLUS|TECH
2208,63716725,1,TECH
2210,42160084,1,TECH
2211,18343342,1,SCH
2212,19026390,2,SCH|VOC
2213,57317691,2,TECH|VOC
2215,47912030,2,PLUS|TECH
2216,37119826,1,VOC
2217,73913779,1,PLUS
2218,63659879,2,SCH|TECH
2219,19273191,1,SCH
2220,15478361,1,TECH
2221,68066393,2,TECH|VOC
2222,93582589,3,SCH|TECH|VOC
2223,90170142,2,TECH|VOC
2224,13247865,1,SCH
2225,85040061,1,TECH
2226,87999861,2,PLUS|VOC
2227,30641480,3,SCH|TECH|VOC
2228,77090332,1,TECH
2229,97024584,2,PLUS|TECH
2230,21646351,2,SCH|TECH
2231,56020818,1,TECH
2232,18537725,4,PLUS|SCH|TECH|VOC
2233,57584677,2,PLUS|VOC
2234,21860851,2,PLUS|SCH
2235,45736204,1,TECH
2236,78754356,2,PLUS|VOC
2237,38410379,3,PLUS|TECH|VOC
2238,32638266,3,PLUS|SCH|VOC
2239,74554953,2,PLUS|VOC
2240,96417651,1,VOC
2241,51575089,1,PLUS
2242,12952658,2,PLUS|VOC
2243,88335630,2,PLUS|TECH
2246,86849735,1,SCH
2247,80425944,2,SCH|TECH
2248,22100825,1,PLUS
2249,12346084,3,SCH|TECH|VOC
2250,15200255,2,PLUS|SCH
2251,51367965,3,SCH|TECH|VOC
2252,56590046,2,PLUS|TECH
2253,84965763,3,PLUS|SCH|VOC
2255,67011369,1,TECH
2256,96688443,1,PLUS
2257,47603482,1,VOC
2258,20439138,3,SCH|TECH|VOC
2259,30513743,2,PLUS|TECH
2260,87747703,1,TECH
2261,32662280,2,PLUS|SCH
2262,24230201,1,SCH
2264,85709619,3,SCH|TECH|VOC
2265,71334237,1,TECH
2266,65001524,1,PLUS
2267,98843736,1,TECH
2268,30338272,1,VOC
2269,11991297,1,SCH
2270,37735363,2,TECH|VOC
2271,19509607,2,SCH|TECH
2272,29405087,1,PLUS
2273,10377208,2,PLUS|SCH
2274,20985043,2,PLUS|VOC
2276,41322466,1,PLUS
2277,50615055,1,PLUS
2278,11083382,3,PLUS|SCH|TECH
2279,27431021,1,VOC
2280,32907135,4,PLUS|SCH|TECH|VOC
2281,41394539,3,PLUS|TECH|VOC
2282,83290256,1,TECH
2283,76977281,3,PLUS|TECH|VOC
2284,15932500,1,PLUS
2285,21276223,1,PLUS
2286,54422964,2,PLUS|TECH
2287,19971406,3,SCH|TECH|VOC
2288,45355912,1,VOC
2289,91630214,3,SCH|TECH|VOC
2290,28894885,2,SCH|TECH
2291,55769240,2,TECH|VOC
2292,87423293,1,PLUS
2293,28205180,1,TECH
2294,21085814,2,TECH|VOC
2295,46990787,2,SCH|TECH
2296,17050138,1,PLUS
2299,77569898,2,PLUS|VOC
2300,72734318,2,PLUS|VOC
2301,65823059,2,SCH|TECH
2302,12273686,1,TECH
2303,27554482,3,PLUS|SCH|VOC
2304,35431755,3,PLUS|SCH|TECH
2305,45877297,1,VOC
2306,62090372,1,PLUS
2307,14708370,2,PLUS|TECH
2308,13904497,2,SCH|TECH
2309,91140766,3,PLUS|SCH|TECH
2310,53158132,2,SCH|VOC
2311,39924449,2,PLUS|SCH
2313,49457335,1,TECH
2314,88969142,1,TECH
2315,75356107,1,VOC
2316,54352810,2,PLUS|VOC
2317,81833417,4,PLUS|SCH|TECH|VOC
2318,24569958,3,PLUS|SCH|VOC
2319,18979224,1,TECH
2320,54343467,4,PLUS|SCH|TECH|VOC
2321,80202733,3,PLUS|SCH|VOC
2323,25119448,2,PLUS|SCH
2325,24069919,1,PLUS
2326,58688161,1,TECH
2327,67304369,2,PLUS|TECH
2329,39916575,1,SCH
2330,37406375,3,SCH|TECH|VOC
2331,66955616,1,PLUS
2332,64387805,1,TECH
2333,88353421,1,TECH
2334,10853065,1,PLUS
2335,25725946,2,PLUS|TECH
2336,15513078,4,PLUS|SCH|TECH|VOC
2337,89627368,2,PLUS|TECH
2338,58047475,2,PLUS|SCH
2339,81688074,1,PLUS
2340,32046483,2,SCH|TECH
2342,31424408,1,SCH
2344,79047441,1,VOC
2345,40540451,3,PLUS|SCH|TECH
2346,78053602,3,PLUS|TECH|VOC
2347,15948948,1,TECH
2349,28564520,1,VOC
2351,71744706,1,PLUS
2352,57509988,4,PLUS|SCH|TECH|VOC
2356,84379601,1,PLUS
2357,10523681,2,TECH|VOC
2358,87034382,2,PLUS|SCH
2359,88591468,2,TECH|VOC
2360,82003695,3,PLUS|SCH|TECH
2361,30793913,1,SCH
2362,63297593,2,TECH|VOC
2363,40519135,1,VOC
2364,30065669,2,PLUS|TECH
2365,74158630,1,SCH
2367,68083241,2,PLUS|SCH
2368,65109983,1,SCH
2369,10455925,3,PLUS|SCH|VOC
2371,47359725,1,VOC
2372,77461035,1,VOC
2373,78083554,2,SCH|VOC
2374,45555324,1,VOC
2375,76761811,1,VOC
2376,44476453,1,TECH
2377,17005696,1,TECH
2378,89797435,3,PLUS|TECH|VOC
2379,96390959,1,SCH
2380,56734629,1,VOC
2381,82568847,2,PLUS|SCH
2382,44678863,2,TECH|VOC
2383,71679877,1,SCH
2384,11630877,4,PLUS|SCH|TECH|VOC
2385,27627784,3,PLUS|TECH|VOC
2386,86149917,2,PLUS|VOC
2387,32625303,2,TECH|VOC
2388,18667877,1,SCH
2389,46632288,2,PLUS|VOC
2390,64730253,1,PLUS
2391,56624300,3,PLUS|SCH|TECH
2392,84430500,1,PLUS
2393,57887366,2,PLUS|SCH
2395,50553589,4,PLUS|SCH|TECH|VOC
2396,58384994,1,TECH
2397,66364654,1,PLUS
2398,53413739,2,TECH|VOC
2400,31800010,1,PLUS
2401,82957881,3,PLUS|TECH|VOC
2402,56675977,3,PLUS|TECH|VOC
2403,70404159,2,PLUS|SCH
2404,65413506,3,PLUS|TECH|VOC
2405,55682742,1,TECH
2406,74650288,1,VOC
2407,40705520,1,PLUS
2408,78690258,1,TECH
2409,37154707,3,SCH|TECH|VOC
2410,73884512,1,VOC
2411,38554192,3,PLUS|SCH|TECH
2412,32280888,3,PLUS|TECH|VOC
2413,97638169,1,TECH
2415,66230595,1,VOC
2416,28443910,1,PLUS
2417,45611439,1,TECH
2418,94515323,2,PLUS|VOC
2419,60204030,2,SCH|TECH
2421,60721412,2,PLUS|SCH
2422,34260309,2,SCH|TECH
2423,64362660,1,TECH
2424,43363652,1,PLUS
2425,72606225,1,VOC
2426,65673607,2,PLUS|VOC
2427,33094509,1,TECH
2429,82960874,1,TECH
2430,48494442,1,TECH
2431,35144726,3,PLUS|TECH|VOC
2432,67401265,1,PLUS
2433,58052871,2,PLUS|SCH
2434,42454583,2,PLUS|SCH
2435,33875260,2,PLUS|SCH
2437,55583827,1,PLUS
2438,89161407,2,PLUS|VOC
2439,99624588,2,SCH|VOC
2440,65243280,3,PLUS|SCH|TECH
2442,55595912,1,PLUS
2443,64910054,2,TECH|VOC
2445,15776720,2,PLUS|TECH
2446,74938160,3,SCH|TECH|VOC
2447,83425325,2,SCH|VOC
2448,77409527,1,SCH
2449,77095951,1,TECH
2450,84711718,2,PLUS|SCH
2451,71384698,1,SCH
2452,84469533,1,SCH
2453,62785816,1,VOC
2454,78387472,2,TECH|VOC
2455,60556251,2,PLUS|VOC
2456,71492746,1,PLUS
2458,28785946,2,PLUS|SCH
2460,36971737,3,PLUS|SCH|TECH
2461,89013846,1,SCH
2462,17773636,3,PLUS|SCH|VOC
2463,65925285,1,VOC
2464,91082703,2,SCH|VOC
2465,27632071,2,SCH|VOC
2466,79509204,1,PLUS
2467,34282303,4,PLUS|SCH|TECH|VOC
2468,20727703,1,VOC
2469,20835155,2,PLUS|VOC
2470,76442410,1,SCH
2471,16927312,2,SCH|VOC
2472,62665465,2,PLUS|VOC
2473,14839862,2,TECH|VOC
2474,67426412,1,SCH
2475,20643089,2,PLUS|TECH
2476,63287172,1,PLUS
2478,14874387,3,PLUS|SCH|TECH
2479,67104460,2,PLUS|VOC
2480,68361406,1,PLUS
2481,82462154,1,VOC
2482,78683307,2,PLUS|VOC
2483,14253979,1,SCH
2484,49752081,1,VOC
2485,23431358,1,TECH
2486,17082790,2,PLUS|SCH
2488,75051263,1,VOC
2489,98275197,2,PLUS|VOC
2490,56502604,2,TECH|VOC
2491,16156667,1,SCH
2492,68418006,1,VOC
2493,70081394,1,PLUS
2494,38478250,1,VOC
2495,23756993,4,PLUS|SCH|TECH|VOC
2496,24687953,1,SCH
2497,61860619,1,VOC
2498,65253560,1,VOC
2499,43247799,4,PLUS|SCH|TECH|VOC
2500,49993925,1,TECH
2501,46793365,4,PLUS|SCH|TECH|VOC
2503,51968530,3,PLUS|TECH|VOC
2504,49610969,2,TECH|VOC
2505,36578446,1,VOC
2506,12675965,2,TECH|VOC
2509,92720952,4,PLUS|SCH|TECH|VOC
2511,59325778,1,VOC
2513,18881109,1,TECH
2514,77926594,2,PLUS|VOC
2516,71156898,1,VOC
2517,63539335,3,PLUS|SCH|TECH
2518,18178128,2,PLUS|TECH
2520,70351700,1,VOC
2521,84211554,1,VOC
2522,85251775,3,PLUS|TECH|VOC
2523,33205321,1,VOC
2524,35144936,3,SCH|TECH|VOC
2526,12208928,2,TECH|VOC
2528,22065080,1,VOC
2529,58674401,2,TECH|VOC
2530,64250555,2,SCH|VOC
2531,80397312,1,VOC
2532,46934135,1,VOC
2533,77699065,3,PLUS|SCH|VOC
2534,14305217,2,PLUS|SCH
2535,91370652,3,PLUS|SCH|TECH
2536,50253181,1,PLUS
2537,42008485,2,PLUS|VOC
2538,75796428,3,PLUS|SCH|TECH
2539,22998111,1,VOC
2540,19607241,2,PLUS|SCH
2541,78835811,1,TECH
2542,96973536,1,VOC
2543,66912106,2,SCH|VOC
2544,30487706,2,SCH|VOC
2546,15850065,2,PLUS|SCH
2547,94535808,2,PLUS|SCH
2548,55540304,1,VOC
2549,68829908,2,SCH|TECH
2551,59867180,1,VOC
2552,38691026,1,SCH
2553,23766380,1,SCH
2554,15051770,1,VOC
2555,38920897,1,PLUS
2556,79467412,2,TECH|VOC
2557,26844326,2,SCH|VOC
2558,18011253,2,SCH|VOC
2559,22358164,2,PLUS|SCH
2560,38889586,1,VOC
2561,19500496,2,TECH|VOC
2562,37246941,2,TECH|VOC
2563,28699996,3,PLUS|SCH|TECH
2564,82488696,2,SCH|VOC
2565,74825959,1,TECH
2566,17578334,1,SCH
2567,51972986,1,SCH
2568,38434784,2,PLUS|TECH
2569,54462182,1,VOC
2570,35177082,1,VOC
2571,55562227,2,PLUS|TECH
2572,84316712,1,TECH
2573,52846556,3,PLUS|SCH|VOC
2574,31674405,1,VOC
2575,75344377,1,TECH
2576,89760817,1,VOC
2577,88153810,3,PLUS|SCH|VOC
2578,84618453,3,PLUS|SCH|VOC
2579,22087678,1,PLUS
2580,59887499,1,PLUS
2581,60658575,1,TECH
2582,26642804,2,TECH|VOC
2583,56646447,1,SCH
2584,82250099,1,VOC
2585,69224618,4,PLUS|SCH|TECH|VOC
2586,36943494,2,SCH|TECH
2587,45488502,2,PLUS|SCH
2588,22404243,1,VOC
2589,23342241,2,PLUS|VOC
2590,64002855,2,PLUS|VOC
2591,14721256,2,SCH|TECH
2592,47364992,1,VOC
2593,57455285,2,SCH|TECH
2594,18579673,3,PLUS|SCH|VOC
2596,68136765,2,SCH|TECH
2597,74994816,2,SCH|VOC
2598,80075544,2,PLUS|VOC
2599,20525655,3,PLUS|SCH|VOC
2600,79523642,1,PLUS
2601,73339433,1,PLUS
2602,79521092,2,PLUS|VOC
2603,32258756,2,SCH|VOC
2604,94011734,1,VOC
2605,54717010,1,SCH
2606,90481646,2,PLUS|SCH
2607,94060783,1,VOC
2608,52137942,3,PLUS|TECH|VOC
2609,83306541,1,VOC
2610,86599891,2,PLUS|TECH
2611,65632441,2,PLUS|TECH
2612,17228318,1,VOC
2613,37762436,1,PLUS
2615,56421468,2,PLUS|VOC
2616,38673273,1,VOC
2617,25861239,2,SCH|TECH
2618,83601776,1,SCH
2619,45160395,1,TECH
2620,86260059,2,PLUS|SCH
2621,94271736,2,SCH|TECH
2622,91649465,1,SCH
2623,92229647,2,PLUS|TECH
2624,32185945,2,PLUS|TECH
2625,42945212,2,SCH|TECH
2626,30678826,1,SCH
2627,23658560,1,VOC
2629,96974887,2,PLUS|TECH
2630,41278153,1,PLUS
2631,13581735,2,TECH|VOC
2632,13465323,1,VOC
2633,91899417,1,VOC
2634,92434730,3,PLUS|SCH|TECH
2635,94544389,1,TECH
2636,74668530,2,TECH|VOC
2637,54756034,2,SCH|VOC
2638,97978959,2,PLUS|TECH
2639,29821491,1,PLUS
2641,31883041,2,PLUS|VOC
2642,45144127,2,PLUS|TECH
2643,76604568,1,TECH
2645,86141171,1,SCH
2647,90179610,1,VOC
2649,86279469,2,TECH|VOC
2650,85614882,1,TECH
2651,95823989,1,TECH
2652,55552113,2,SCH|TECH
2653,81437621,2,TECH|VOC
2654,78175036,2,PLUS|SCH
2655,36135120,2,SCH|VOC
2657,25814390,1,PLUS
2658,74037100,1,TECH
2659,55049676,2,PLUS|SCH
2660,74609504,1,SCH
2661,87943239,2,SCH|TECH
2662,84513202,3,SCH|TECH|VOC
2663,47628190,3,PLUS|SCH|VOC
2664,35580680,1,SCH
2665,67444614,1,SCH
2666,47871627,3,PLUS|SCH|VOC
2667,46079842,1,SCH
2669,69466273,1,VOC
2670,70463012,4,PLUS|SCH|TECH|VOC
2671,90918991,1,TECH
2672,74434188,4,PLUS|SCH|TECH|VOC
2673,90254666,3,SCH|TECH|VOC
2674,15843117,2,PLUS|TECH
2675,44296775,1,PLUS
2676,11662570,1,VOC
2677,17625072,2,SCH|TECH
2678,25952450,1,PLUS
2679,17924926,2,SCH|VOC
2680,40214458,2,PLUS|TECH
2681,79177210,2,PLUS|SCH
2682,67827740,2,TECH|VOC
2683,98996499,4,PLUS|SCH|TECH|VOC
2684,21410295,2,SCH|VOC
2685,73369617,2,PLUS|SCH
2686,19575984,1,VOC
2687,91803127,1,VOC
2688,58064835,2,SCH|TECH
2689,84435339,1,VOC
2690,52538666,3,PLUS|SCH|VOC
2691,41979969,2,TECH|VOC
2692,87082493,1,TECH
2693,92747419,4,PLUS|SCH|TECH|VOC
2694,27879065,2,PLUS|SCH
2695,68953251,2,TECH|VOC
2697,36397799,2,PLUS|VOC
2698,74145640,1,VOC
2699,55252973,2,PLUS|SCH
2700,86299547,1,PLUS
2701,90316913,3,PLUS|SCH|TECH
2702,46799123,3,PLUS|SCH|TECH
2703,76710062,2,SCH|TECH
2704,33552487,1,TECH
2705,30981102,2,SCH|VOC
2706,39783273,2,PLUS|SCH
2708,68256986,2,SCH|VOC
2709,72895019,3,PLUS|SCH|TECH
2710,75343668,2,PLUS|SCH
2711,84286913,3,SCH|TECH|VOC
2712,97043369,2,TECH|VOC
2713,58456843,3,PLUS|TECH|VOC
2714,45474823,1,PLUS
2715,76597184,4,PLUS|SCH|TECH|VOC
2716,16954628,2,SCH|TECH
2717,16882306,2,PLUS|SCH
2719,71041249,1,SCH
2720,37519951,2,PLUS|SCH
2721,43538762,2,SCH|VOC
2722,51593222,1,PLUS
2723,64178031,2,PLUS|TECH
2725,45346366,1,PLUS
2726,35313782,2,TECH|VOC
2727,63547436,1,VOC
2728,29969152,1,PLUS
2729,97146005,2,PLUS|SCH
2730,58645001,1,TECH
2731,67192629,3,SCH|TECH|VOC
2732,31035769,1,VOC
2733,68602342,1,VOC
2734,47110818,1,SCH
2735,79932036,2,PLUS|VOC
2736,99338984,1,TECH
2737,13727541,1,VOC
2738,36970791,2,PLUS|VOC
2739,93792514,2,SCH|TECH
2740,97458429,3,SCH|TECH|VOC
2741,34644621,1,PLUS
2743,61335115,1,PLUS
2744,60914313,1,VOC
2745,54952046,2,PLUS|SCH
2746,89064828,3,PLUS|TECH|VOC
2747,75026294,1,SCH
2749,90836216,4,PLUS|SCH|TECH|VOC
2750,21056868,3,PLUS|TECH|VOC
2751,25978403,1,TECH
2752,86963274,1,SCH
2753,56553684,2,SCH|TECH
2755,58437433,3,PLUS|TECH|VOC
2756,46018367,1,SCH
2757,90824141,2,PLUS|SCH
2758,11812674,1,VOC
2759,38731535,2,SCH|TECH
2760,36369313,1,VOC
2761,29263249,4,PLUS|SCH|TECH|VOC
2762,95705986,1,PLUS
2763,46428687,3,PLUS|TECH|VOC
2764,86952622,1,VOC
2765,15651583,1,SCH
2766,48949856,2,SCH|VOC
2767,77779642,1,SCH
2768,62879989,1,PLUS
2769,98565484,1,VOC
2770,78238599,3,PLUS|TECH|VOC
2771,16027748,1,PLUS
2772,44612609,2,SCH|TECH
2773,46243299,1,PLUS
2774,25651239,2,SCH|TECH
2775,49953071,2,PLUS|VOC
2776,48309461,1,PLUS
2777,24135622,1,TECH
2778,56462427,2,PLUS|SCH
2779,13680680,2,PLUS|VOC
2781,49379157,2,PLUS|SCH
2782,92108031,2,PLUS|TECH
2783,76510566,4,PLUS|SCH|TECH|VOC
2784,78131606,1,VOC
2786,90190366,2,SCH|VOC
2787,10341866,2,PLUS|VOC
2788,69082766,2,PLUS|SCH
2789,37715114,1,PLUS
2790,75851188,1,TECH
2791,79953085,1,VOC
2792,14740156,2,PLUS|TECH
2795,40070581,2,PLUS|TECH
2796,78887438,1,TECH
2797,64875713,1,SCH
2798,89951297,2,PLUS|VOC
2800,97956703,2,PLUS|VOC
2801,19172109,1,VOC
2802,10713121,1,SCH
2804,26571117,1,VOC
2805,20135658,1,TECH
2806,59388622,1,SCH
2807,64788573,1,SCH
2808,64003293,2,SCH|TECH
2809,97671253,1,SCH
2810,96754681,1,SCH
2811,77285702,2,PLUS|SCH
2812,14478997,2,PLUS|VOC
2813,11263526,2,SCH|VOC
2814,67012426,1,VOC
2817,65119167,2,SCH|TECH
2820,34874358,2,SCH|VOC
2821,90921574,3,PLUS|SCH|TECH
2822,84189838,1,VOC
2823,95863855,1,SCH
2824,18153331,2,PLUS|TECH
2826,77576650,1,TECH
2827,97389730,1,TECH
2828,54431754,3,PLUS|SCH|TECH
2829,70680846,1,PLUS
2830,77505434,3,SCH|TECH|VOC
2831,48677336,1,TECH
2832,74176576,2,PLUS|VOC
2833,41531880,1,PLUS
2834,84826135,1,VOC
2836,64020132,2,SCH|VOC
2837,77368102,1,VOC
2838,43903002,1,PLUS
2839,48019794,2,PLUS|SCH
2840,57277284,4,PLUS|SCH|TECH|VOC
2841,13619039,4,PLUS|SCH|TECH|VOC
2842,63685963,2,PLUS|VOC
2843,90268486,1,PLUS
2844,79805302,3,PLUS|TECH|VOC
2846,60993199,1,TECH
2848,48493281,4,PLUS|SCH|TECH|VOC
2849,99646907,2,TECH|VOC
2850,28570786,1,VOC
2852,79630194,2,PLUS|SCH
2853,20074514,1,VOC
2854,34277838,2,SCH|VOC
2856,59583540,1,TECH
2857,48065927,2,TECH|VOC
2858,16574246,1,TECH
2859,54850828,1,VOC
2860,62386745,2,TECH|VOC
2861,77886466,1,VOC
2862,69341118,3,SCH|TECH|VOC
2863,87754278,2,PLUS|VOC
2865,97037399,2,SCH|VOC
2866,10596673,1,SCH
2867,48662280,2,PLUS|TECH
2868,66255243,2,PLUS|TECH
2869,89761155,2,PLUS|VOC
2870,58285562,1,TECH
2871,41127467,1,SCH
2872,15101740,1,VOC
2873,38834086,2,PLUS|VOC
2874,62313993,2,TECH|VOC
2875,66772359,4,PLUS|SCH|TECH|VOC
2876,30823310,1,VOC
2877,51370674,1,SCH
2878,99127258,3,SCH|TECH|VOC
2879,71413187,2,TECH|VOC
2880,58624291,3,PLUS|TECH|VOC
2881,92761466,2,PLUS|SCH
2882,58182841,2,PLUS|TECH
2883,10401966,2,PLUS|TECH
2884,97764898,2,PLUS|SCH
2886,81227728,1,VOC
2887,22553839,2,PLUS|SCH
2889,30454694,3,PLUS|TECH|VOC
2890,78234708,1,TECH
2891,44734935,1,PLUS
2892,62794884,2,SCH|TECH
2893,28732359,1,PLUS
2894,93868796,2,SCH|TECH
2895,30947020,3,PLUS|SCH|VOC
2896,55239722,1,PLUS
2897,46389263,1,PLUS
2898,22425993,3,PLUS|SCH|TECH
2900,89726979,1,TECH
2901,16526108,2,TECH|VOC
2902,68955335,1,SCH
2903,52414064,2,SCH|TECH
2904,79886887,2,PLUS|SCH
2905,69200912,1,PLUS
2906,42854392,3,PLUS|SCH|VOC
2907,95347156,4,PLUS|SCH|TECH|VOC
2908,55936943,2,SCH|TECH
2909,47173534,2,TECH|VOC
2910,67385857,3,PLUS|TECH|VOC
2911,24320131,3,SCH|TECH|VOC
2912,29192519,1,TECH
2913,50216471,3,PLUS|TECH|VOC
2914,98826024,1,PLUS
2915,97499117,2,PLUS|SCH
2916,80508307,2,PLUS|SCH
2917,82914021,1,PLUS
2918,89854522,1,VOC
2920,35645457,2,SCH|VOC
2921,36014440,1,VOC
2922,29459871,1,TECH
2923,14511005,2,SCH|TECH
2924,64943803,2,SCH|VOC
2925,17076255,2,TECH|VOC
2926,88619356,3,PLUS|SCH|VOC
2927,57019856,2,PLUS|TECH
2928,28206262,2,SCH|TECH
2929,27371884,2,SCH|TECH
2930,91341590,1,VOC
2931,34179644,1,PLUS
2932,47756543,1,VOC
2933,44656852,1,PLUS
2934,26128324,1,PLUS
2935,16633532,1,VOC
2936,78060314,1,PLUS
2937,53755508,1,SCH
2938,92227443,2,PLUS|VOC
2939,59431339,1,SCH
2940,47468823,1,VOC
2941,34131793,1,VOC
2943,14829328,1,TECH
2944,35444694,3,PLUS|TECH|VOC
2945,30047069,2,SCH|TECH
2946,20253315,1,SCH
2947,44887843,1,TECH
2948,50482377,1,TECH
2949,78242493,2,SCH|TECH
2950,25610550,2,PLUS|VOC
2951,62346547,2,PLUS|TECH
2952,76205523,1,VOC
2953,59359775,2,PLUS|SCH
2954,29760957,1,VOC
2955,28282183,2,PLUS|VOC
2956,30039564,2,PLUS|VOC
2957,79872246,1,PLUS
2958,31744118,2,TECH|VOC
2959,31706858,1,VOC
2960,70007583,1,SCH
2962,77597242,3,SCH|TECH|VOC
2963,99885715,1,SCH
2964,80122328,1,VOC
2965,41277403,3,SCH|TECH|VOC
2966,47677050,1,SCH
2967,15838870,3,PLUS|SCH|VOC
2968,40158481,2,PLUS|SCH
2969,18651330,1,VOC
2970,62991228,1,TECH
2971,28908977,1,TECH
2972,88091841,2,PLUS|SCH
2973,95115329,2,PLUS|SCH
2974,51861437,2,TECH|VOC
2975,99175850,1,PLUS
2976,62901281,1,VOC
2977,86442878,1,SCH
2978,66844852,3,PLUS|SCH|TECH
2979,73393416,1,VOC
2980,57802228,2,SCH|VOC
2981,31311109,1,TECH
2982,20135745,3,PLUS|TECH|VOC
2983,93620256,4,PLUS|SCH|TECH|VOC
2984,41979317,2,PLUS|VOC
2985,76738801,3,PLUS|SCH|TECH
2986,71523036,2,SCH|TECH
2989,37949530,3,PLUS|TECH|VOC
2990,34242013,2,TECH|VOC
2992,80121095,2,TECH|VOC
2993,47563341,1,VOC
2994,12768877,1,SCH
2995,29836833,1,SCH
2996,91989541,3,PLUS|SCH|VOC
2998,85835230,1,VOC
2999,48312600,2,PLUS|VOC
3000,99899818,3,SCH|TECH|VOC
3001,77374549,1,SCH
3002,42040774,1,SCH
3003,26023992,1,SCH
3004,98976113,1,SCH
3005,36078869,1,SCH
3006,64757706,1,SCH
3007,82338242,1,SCH
3008,97041811,1,SCH
3009,51070269,1,SCH
3010,60944831,1,SCH
3011,84093132,1,SCH
3012,16063659,1,SCH
3013,65398789,1,SCH
3014,75481231,1,SCH
3015,29120748,1,SCH
3016,82217715,1,SCH
3017,54562182,1,SCH
3018,12425407,1,SCH
3019,99392901,1,SCH
3020,70746842,1,SCH
3021,53165359,1,SCH
3022,88900318,1,SCH
3023,53197870,1,SCH
3024,15241105,1,SCH
3025,72704371,1,SCH
3026,49527087,1,SCH
3027,36947634,1,SCH
3028,95928498,1,SCH
3029,73387827,1,SCH
3030,72819416,1,SCH
3031,68956116,1,SCH
3032,47454940,1,SCH
3033,86136015,1,SCH
3034,42028857,1,SCH
3035,38328387,1,SCH
3036,50856410,1,SCH
3037,57286125,1,SCH
3038,27444169,1,SCH
3039,16431382,1,SCH
3040,27922165,1,SCH
3041,48698279,1,SCH
3042,39370744,1,SCH
3043,22467273,1,SCH
3044,20071478,1,SCH
3045,91078695,1,SCH
3046,96720238,1,SCH
3047,96317337,1,SCH
3048,30108114,1,SCH
3049,49023188,1,SCH
3050,21179171,1,SCH
3051,61164303,1,SCH
3052,60138663,1,SCH
3053,86500143,1,SCH
3054,18143738,1,SCH
3055,64206297,1,SCH
3056,67208482,1,SCH
3057,39810192,1,SCH
3058,77881001,1,SCH
3059,69614120,1,SCH
3060,52350774,1,SCH
3061,22386724,1,SCH
3062,85215722,1,SCH
3063,25113796,1,SCH
3064,83925077,1,SCH
3065,14706767,1,SCH
3066,83608682,1,SCH
3067,93188203,1,SCH
3068,82037666,1,SCH
3069,83325110,1,SCH
3070,30855976,1,SCH
3071,67784257,1,SCH
3072,65649537,1,SCH
3073,68228907,1,SCH
3074,13687460,1,SCH
3075,56036657,1,SCH
3076,13714003,1,VOC
3077,18684457,1,VOC
3078,20311123,1,VOC
3079,37183509,1,VOC
3080,13006710,1,VOC
3081,55127012,1,VOC
3082,13950626,1,VOC
3083,40868348,1,VOC
3084,76317993,1,VOC
3085,44601903,1,VOC
3086,33622962,1,VOC
3087,23088713,1,VOC
3088,87125207,1,VOC
3089,61646136,1,VOC
3090,51666322,1,VOC
3091,27412570,1,VOC
3092,89512284,1,VOC
3093,22509453,1,VOC
3094,42643518,1,VOC
3095,41564181,1,VOC
3096,45635935,1,VOC
3097,71767441,1,VOC
3098,22457246,1,VOC
3099,69737360,1,VOC
3100,99307261,1,VOC
3101,63895959,1,VOC
3102,19447877,1,VOC
3103,83299258,1,VOC
3104,47721843,1,VOC
3105,91683184,1,VOC
3106,31003985,1,VOC
3107,79762268,1,VOC
3108,22465245,1,VOC
3109,61543986,1,VOC
3110,77395281,1,VOC
3111,38219921,1,VOC
3112,13165956,1,VOC
3113,11382079,1,VOC
3114,53434492,1,VOC
3115,61460733,1,VOC
3116,16206378,1,VOC
3117,26812955,1,VOC
3118,24702917,1,VOC
3119,41543452,1,VOC
3120,77919411,1,VOC
3121,78170461,1,VOC
3122,58149984,1,VOC
3123,45505877,1,VOC
3124,47743510,1,VOC
3125,93802954,1,VOC
3126,39051323,1,VOC
3127,97854048,1,VOC
3128,63153840,1,VOC
3129,19299933,1,VOC
3130,51690952,1,VOC
3131,65862979,1,VOC
3132,55851243,1,VOC
3133,79947239,1,VOC
3134,30498626,1,VOC
3135,80654070,1,VOC
3136,47793513,1,VOC
3137,51713300,1,VOC
3138,96791146,1,VOC
3139,27666344,1,VOC
3140,81724847,1,VOC
3141,54706865,1,VOC
3142,79695592,1,VOC
3143,38889178,1,VOC
3144,67919258,1,VOC
3145,26291773,1,VOC
3146,44585366,1,VOC
3147,77945352,1,VOC
3148,83141191,1,VOC
3149,61275309,1,VOC
3150,69239801,1,VOC
3151,13038335,1,PLUS
3152,27358096,1,PLUS
3153,19550131,1,PLUS
3154,45520082,1,PLUS
3155,71370039,1,PLUS
3156,57211524,1,PLUS
3157,77649019,1,PLUS
3158,99861835,1,PLUS
3159,35342548,1,PLUS
3160,15695083,1,PLUS
3161,81536044,1,PLUS
3162,10992362,1,PLUS
3163,39875764,1,PLUS
3164,67178692,1,PLUS
3165,34049689,1,PLUS
3166,83495264,1,PLUS
3167,38463873,1,PLUS
3168,28785574,1,PLUS
3169,71961367,1,PLUS
3170,32356074,1,PLUS
3171,87664527,1,PLUS
3172,38947536,1,PLUS
3173,93756654,1,PLUS
3174,35584231,1,PLUS
3175,63445858,1,PLUS
3176,23978538,1,PLUS
3177,59223055,1,PLUS
3178,28234656,1,PLUS
3179,44312993,1,PLUS
3180,88932692,1,PLUS
3181,77156201,1,PLUS
3182,71979163,1,PLUS
3183,56063375,1,PLUS
3184,21272439,1,PLUS
3185,27433929,1,PLUS
3186,75902693,1,PLUS
3187,65143412,1,PLUS
3188,57191620,1,PLUS
3189,53530723,1,PLUS
3190,70579206,1,PLUS
3191,29732337,1,PLUS
3192,96810439,1,PLUS
3193,51585695,1,PLUS
3194,89252811,1,PLUS
3195,58300172,1,PLUS
3196,15852944,1,PLUS
3197,34452120,1,PLUS
3198,99964572,1,PLUS
3199,75437410,1,PLUS
3200,19599685,1,PLUS
3201,89473761,1,PLUS
3202,80517168,1,PLUS
3203,33815267,1,PLUS
3204,37765024,1,PLUS
3205,82820167,1,PLUS
3206,75654324,1,PLUS
3207,64009257,1,PLUS
3208,66978222,1,PLUS
3209,11946972,1,PLUS
3210,27932846,1,PLUS
3211,24130114,1,PLUS
3212,78678822,1,PLUS
3213,58355163,1,PLUS
3214,93754754,1,PLUS
3215,81589684,1,PLUS
3216,89546745,1,PLUS
3217,51029684,1,PLUS
3218,26500774,1,PLUS
3219,24504194,1,PLUS
3220,46641162,1,PLUS
3221,64227400,1,PLUS
3222,90992147,1,PLUS
3223,26895939,1,PLUS
3224,68323957,1,PLUS
3225,29862790,1,PLUS
3226,46956334,1,TECH
3227,94742358,1,TECH
3228,82487952,1,TECH
3229,98296241,1,TECH
3230,66350698,1,TECH
3231,86349400,1,TECH
3232,60141505,1,TECH
3233,78975350,1,TECH
3234,61088189,1,TECH
3235,57687231,1,TECH
3236,47999914,1,TECH
3237,10007006,1,TECH
3238,66570615,1,TECH
3239,99604318,1,TECH
3240,55172380,1,TECH
3241,46905311,1,TECH
3242,51116069,1,TECH
3243,48578393,1,TECH
3244,99252654,1,TECH
3245,11054778,1,TECH
3246,87418243,1,TECH
3247,86945070,1,TECH
3248,60692333,1,TECH
3249,40890295,1,TECH
3250,25800699,1,TECH
3251,90940728,1,TECH
3252,54686964,1,TECH
3253,43937112,1,TECH
3254,91205578,1,TECH
3255,74311549,1,TECH
3256,51163776,1,TECH
3257,80742471,1,TECH
3258,60092297,1,TECH
3259,58867283,1,TECH
3260,35036388,1,TECH
3261,73676233,1,TECH
3262,91185948,1,TECH
3263,20304523,1,TECH
3264,98302627,1,TECH
3265,68215804,1,TECH
3266,53849922,1,TECH
3267,22448154,1,TECH
3268,72456895,1,TECH
3269,36960960,1,TECH
3270,83164162,1,TECH
3271,57722889,1,TECH
3272,38980263,1,TECH
3273,95603541,1,TECH
3274,71185217,1,TECH
3275,16062787,1,TECH
3276,94383876,1,TECH
3277,78495539,1,TECH
3278,17466483,1,TECH
3279,81655725,1,TECH
3280,83425866,1,TECH
3281,33752814,1,TECH
3282,40806582,1,TECH
3283,74867683,1,TECH
3284,92722443,1,TECH
3285,69778859,1,TECH
3286,32557434,1,TECH
3287,31593756,1,TECH
3288,45829356,1,TECH
3289,66949565,1,TECH
3290,36385702,1,TECH
3291,62000761,1,TECH
3292,68605272,1,TECH
3293,62045578,1,TECH
3294,17773588,1,TECH
3295,20488005,1,TECH
3296,37888719,1,TECH
3297,25392722,1,TECH
3298,52773636,1,TECH
3299,53186791,1,TECH
3300,26088812,1,TECH
