programme,record_id_1,record_id_2,canonical_person_id,canonical_national_id,duplicate_type
SCH,SCH-000166,SCH-001126,1812,80957420,formatting
SCH,SCH-000546,SCH-001127,1792,72878778,near
SCH,SCH-000104,SCH-001128,2533,77699065,formatting
SCH,SCH-000675,SCH-001129,782,99363234,formatting
SCH,SCH-000535,SCH-001130,1890,61599700,near
SCH,SCH-000092,SCH-001131,2318,24569958,formatting
SCH,SCH-000066,SCH-001132,692,65798756,exact
SCH,SCH-000641,SCH-001133,922,69372702,updated
SCH,SCH-000208,SCH-001134,209,10292428,updated
SCH,SCH-000564,SCH-001135,937,52881821,near
SCH,SCH-000052,SCH-001136,2361,30793913,formatting
SCH,SCH-000715,SCH-001137,1973,56991068,near
SCH,SCH-000728,SCH-001138,249,39566459,formatting
SCH,SCH-000063,SCH-001139,2230,21646351,formatting
SCH,SCH-000500,SCH-001140,1551,96244314,exact
SCH,SCH-000314,SCH-001141,2681,79177210,updated
SCH,SCH-000403,SCH-001142,2808,64003293,updated
SCH,SCH-000724,SCH-001143,675,56814976,near
SCH,SCH-000206,SCH-001144,168,45651567,exact
SCH,SCH-000680,SCH-001145,2109,36869304,exact
SCH,SCH-000623,SCH-001146,1883,35980604,formatting
SCH,SCH-000884,SCH-001147,141,72213255,near
SCH,SCH-000135,SCH-001148,2708,68256986,near
SCH,SCH-000657,SCH-001149,282,91786040,formatting
SCH,SCH-001118,SCH-001150,1558,68964116,formatting
SCH,SCH-000314,SCH-001151,2681,79177210,near
SCH,SCH-001107,SCH-001152,646,19711151,formatting
SCH,SCH-000500,SCH-001153,1551,96244314,formatting
SCH,SCH-000111,SCH-001154,2253,84965763,formatting
SCH,SCH-000280,SCH-001155,1847,74492536,formatting
SCH,SCH-000455,SCH-001156,493,52146187,formatting
SCH,SCH-000623,SCH-001157,1883,35980604,exact
SCH,SCH-000295,SCH-001158,817,67937221,near
SCH,SCH-000519,SCH-001159,191,23346779,exact
SCH,SCH-000679,SCH-001160,2330,37406375,formatting
SCH,SCH-000742,SCH-001161,1923,21477571,near
SCH,SCH-001023,SCH-001162,2534,14305217,updated
SCH,SCH-000290,SCH-001163,255,58582114,exact
SCH,SCH-000656,SCH-001164,799,52582456,formatting
SCH,SCH-001022,SCH-001165,1049,10357092,formatting
SCH,SCH-000208,SCH-001166,209,10292428,formatting
SCH,SCH-001105,SCH-001167,1982,43777420,updated
SCH,SCH-000629,SCH-001168,2471,16927312,formatting
SCH,SCH-000312,SCH-001169,2247,80425944,near
SCH,SCH-000180,SCH-001170,357,71036929,exact
SCH,SCH-001011,SCH-001171,1123,50983865,exact
SCH,SCH-000886,SCH-001172,1674,86986647,near
SCH,SCH-000931,SCH-001173,396,15679986,formatting
SCH,SCH-000087,SCH-001174,2618,83601776,formatting
SCH,SCH-000238,SCH-001175,684,13306687,formatting
SCH,SCH-000726,SCH-001176,1824,12193862,exact
SCH,SCH-000272,SCH-001177,741,30559033,near
SCH,SCH-000002,SCH-001178,2786,90190366,near
SCH,SCH-000753,SCH-001179,2269,11991297,updated
SCH,SCH-000490,SCH-001180,2739,93792514,near
SCH,SCH-001061,SCH-001181,1114,34608805,updated
SCH,SCH-000260,SCH-001182,634,81933142,near
SCH,SCH-000070,SCH-001183,893,88387626,updated
SCH,SCH-000332,SCH-001184,2875,66772359,formatting
SCH,SCH-000010,SCH-001185,2447,83425325,exact
SCH,SCH-000806,SCH-001186,14,63415303,formatting
SCH,SCH-000660,SCH-001187,1098,90611355,exact
SCH,SCH-000515,SCH-001188,1839,65192060,updated
SCH,SCH-000771,SCH-001189,976,99571805,exact
SCH,SCH-000082,SCH-001190,1287,46102405,formatting
SCH,SCH-000475,SCH-001191,927,56268308,formatting
SCH,SCH-000697,SCH-001192,556,67054128,formatting
SCH,SCH-001125,SCH-001193,331,45109738,near
SCH,SCH-000622,SCH-001194,406,42292892,exact
SCH,SCH-000803,SCH-001195,35,10632635,formatting
SCH,SCH-000371,SCH-001196,462,51910609,near
SCH,SCH-000345,SCH-001197,1718,74354434,formatting
SCH,SCH-000333,SCH-001198,2144,41665325,formatting
SCH,SCH-000523,SCH-001199,2538,75796428,near
SCH,SCH-000187,SCH-001200,2478,14874387,updated
SCH,SCH-000640,SCH-001201,1375,49320205,formatting
SCH,SCH-000799,SCH-001202,1895,82486770,formatting
SCH,SCH-000605,SCH-001203,2218,63659879,formatting
SCH,SCH-000449,SCH-001204,1061,38790311,formatting
SCH,SCH-000699,SCH-001205,1490,36103070,near
SCH,SCH-000863,SCH-001206,2852,79630194,exact
SCH,SCH-000250,SCH-001207,1679,13856812,near
SCH,SCH-001009,SCH-001208,2807,64788573,exact
SCH,SCH-000254,SCH-001209,265,60543809,near
SCH,SCH-000908,SCH-001210,208,40317689,formatting
SCH,SCH-000029,SCH-001211,401,61846177,near
SCH,SCH-000824,SCH-001212,1878,68152649,near
SCH,SCH-000025,SCH-001213,1374,85643715,formatting
SCH,SCH-000644,SCH-001214,866,37383624,exact
SCH,SCH-000427,SCH-001215,2865,97037399,updated
SCH,SCH-000216,SCH-001216,885,39510147,formatting
SCH,SCH-000720,SCH-001217,1186,80973199,exact
SCH,SCH-000497,SCH-001218,748,52097153,exact
SCH,SCH-000822,SCH-001219,526,87368164,formatting
SCH,SCH-000897,SCH-001220,568,46167085,formatting
SCH,SCH-000544,SCH-001221,856,55161836,formatting
SCH,SCH-000464,SCH-001222,1116,87653536,exact
SCH,SCH-000386,SCH-001223,1074,84166566,near
SCH,SCH-000683,SCH-001224,2090,78479889,exact
SCH,SCH-001116,SCH-001225,39,60012498,near
SCH,SCH-000077,SCH-001226,153,70388500,formatting
SCH,SCH-000688,SCH-001227,118,50790697,near
SCH,SCH-001031,SCH-001228,1511,25851419,exact
SCH,SCH-000585,SCH-001229,2462,17773636,formatting
SCH,SCH-000642,SCH-001230,110,89426243,formatting
SCH,SCH-000685,SCH-001231,1092,95094024,near
SCH,SCH-000288,SCH-001232,1206,28237898,updated
SCH,SCH-000174,SCH-001233,1472,71524281,exact
SCH,SCH-000657,SCH-001234,282,91786040,exact
SCH,SCH-000424,SCH-001235,900,18115148,formatting
SCH,SCH-000937,SCH-001236,1202,89118492,updated
SCH,SCH-000508,SCH-001237,1412,19576043,updated
SCH,SCH-000969,SCH-001238,1936,19717833,near
SCH,SCH-000457,SCH-001239,2461,89013846,near
SCH,SCH-000967,SCH-001240,1569,33851205,near
SCH,SCH-000955,SCH-001241,2340,32046483,formatting
SCH,SCH-000388,SCH-001242,268,28164926,exact
SCH,SCH-001087,SCH-001243,1503,28008622,formatting
SCH,SCH-000299,SCH-001244,2250,15200255,near
SCH,SCH-001041,SCH-001245,135,32650041,formatting
SCH,SCH-000895,SCH-001246,262,75655873,near
SCH,SCH-000238,SCH-001247,684,13306687,formatting
SCH,SCH-000686,SCH-001248,1205,53764429,near
SCH,SCH-000214,SCH-001249,2024,97670851,near
SCH,SCH-000464,SCH-001250,1116,87653536,exact
SCH,SCH-000835,SCH-001251,452,58537393,formatting
SCH,SCH-001010,SCH-001252,426,79651607,near
SCH,SCH-000716,SCH-001253,115,81624345,exact
SCH,SCH-000210,SCH-001254,2170,53771746,formatting
SCH,SCH-000221,SCH-001255,2262,24230201,exact
SCH,SCH-000471,SCH-001256,2474,67426412,updated
SCH,SCH-000914,SCH-001257,80,81344862,formatting
SCH,SCH-000237,SCH-001258,599,17170147,formatting
SCH,SCH-001037,SCH-001259,2806,59388622,formatting
SCH,SCH-000578,SCH-001260,1445,76703346,updated
SCH,SCH-001111,SCH-001261,1685,86830303,near
SCH,SCH-001125,SCH-001262,331,45109738,near
SCH,SCH-000711,SCH-001263,2156,36810554,exact
SCH,SCH-000064,SCH-001264,2980,57802228,updated
SCH,SCH-000044,SCH-001265,1248,63604794,exact
SCH,SCH-000592,SCH-001266,804,87083341,exact
SCH,SCH-000828,SCH-001267,1771,56995391,exact
SCH,SCH-000717,SCH-001268,2711,84286913,near
SCH,SCH-001081,SCH-001269,701,36252609,formatting
SCH,SCH-000912,SCH-001270,1848,55649927,formatting
SCH,SCH-000151,SCH-001271,1631,95430630,exact
SCH,SCH-000942,SCH-001272,2003,26692837,exact
SCH,SCH-000637,SCH-001273,1662,89362594,formatting
SCH,SCH-000081,SCH-001274,605,12152239,near
SCH,SCH-000182,SCH-001275,2448,77409527,near
SCH,SCH-001018,SCH-001276,2310,53158132,near
SCH,SCH-000524,SCH-001277,2194,35966874,near
SCH,SCH-000818,SCH-001278,1398,34216590,formatting
SCH,SCH-000831,SCH-001279,1627,75817532,exact
SCH,SCH-000717,SCH-001280,2711,84286913,near
SCH,SCH-000505,SCH-001281,1910,41737742,exact
SCH,SCH-000612,SCH-001282,1451,31183862,near
SCH,SCH-000289,SCH-001283,813,54698618,updated
SCH,SCH-000710,SCH-001284,998,61590666,near
SCH,SCH-001053,SCH-001285,2295,46990787,updated
SCH,SCH-000333,SCH-001286,2144,41665325,formatting
SCH,SCH-000477,SCH-001287,1324,72458202,exact
SCH,SCH-000106,SCH-001288,934,38204138,near
SCH,SCH-000175,SCH-001289,1954,30833313,updated
SCH,SCH-000772,SCH-001290,152,15406577,near
SCH,SCH-000752,SCH-001291,749,67601447,updated
SCH,SCH-001026,SCH-001292,1584,86520791,exact
SCH,SCH-000651,SCH-001293,1601,41387892,near
SCH,SCH-000628,SCH-001294,69,11101134,near
SCH,SCH-000625,SCH-001295,2898,22425993,updated
SCH,SCH-000732,SCH-001296,2483,14253979,updated
SCH,SCH-000479,SCH-001297,1728,89541250,exact
SCH,SCH-001100,SCH-001298,1187,30944246,exact
SCH,SCH-000911,SCH-001299,1989,38402180,near
SCH,SCH-000916,SCH-001300,1146,26935536,near
SCH,SCH-000660,SCH-001301,1098,90611355,formatting
SCH,SCH-000758,SCH-001302,2136,35045820,formatting
SCH,SCH-000643,SCH-001303,2251,51367965,near
SCH,SCH-000158,SCH-001304,2078,38551356,near
SCH,SCH-000571,SCH-001305,2968,40158481,near
SCH,SCH-000506,SCH-001306,2433,58052871,updated
SCH,SCH-000795,SCH-001307,582,53305731,exact
SCH,SCH-000564,SCH-001308,937,52881821,near
SCH,SCH-000259,SCH-001309,2660,74609504,updated
SCH,SCH-000122,SCH-001310,1958,23582811,exact
SCH,SCH-000829,SCH-001311,2388,18667877,near
SCH,SCH-000691,SCH-001312,2661,87943239,near
SCH,SCH-000689,SCH-001313,505,25706912,formatting
SCH,SCH-000873,SCH-001314,2563,28699996,near
SCH,SCH-000362,SCH-001315,1623,10978095,exact
SCH,SCH-000503,SCH-001316,661,36281402,near
SCH,SCH-000574,SCH-001317,1214,31034531,near
SCH,SCH-000112,SCH-001318,149,64215650,formatting
SCH,SCH-000866,SCH-001319,822,10370853,formatting
SCH,SCH-000489,SCH-001320,284,76971243,exact
SCH,SCH-000483,SCH-001321,527,26355844,near
SCH,SCH-000787,SCH-001322,2767,77779642,near
SCH,SCH-000853,SCH-001323,243,85584413,near
SCH,SCH-000325,SCH-001324,2007,88399776,formatting
SCH,SCH-000795,SCH-001325,582,53305731,formatting
SCH,SCH-000999,SCH-001326,2972,88091841,formatting
SCH,SCH-000966,SCH-001327,2451,71384698,formatting
SCH,SCH-000096,SCH-001328,246,43739900,formatting
SCH,SCH-000934,SCH-001329,2774,25651239,exact
SCH,SCH-000736,SCH-001330,381,88960861,near
SCH,SCH-000195,SCH-001331,539,78946993,near
SCH,SCH-001086,SCH-001332,1622,61372134,exact
SCH,SCH-000634,SCH-001333,90,39009803,formatting
SCH,SCH-000306,SCH-001334,1545,44462133,exact
SCH,SCH-000437,SCH-001335,2690,52538666,exact
SCH,SCH-000057,SCH-001336,2308,13904497,near
SCH,SCH-001036,SCH-001337,1383,78189543,formatting
SCH,SCH-000786,SCH-001338,137,85102924,near
SCH,SCH-000358,SCH-001339,762,44065587,exact
SCH,SCH-001026,SCH-001340,1584,86520791,exact
SCH,SCH-000932,SCH-001341,320,61660590,updated
SCH,SCH-000286,SCH-001342,1593,78320452,near
SCH,SCH-000009,SCH-001343,1692,62193650,formatting
SCH,SCH-000492,SCH-001344,1654,31161881,formatting
SCH,SCH-000199,SCH-001345,61,20204415,near
SCH,SCH-000269,SCH-001346,291,95716350,exact
SCH,SCH-000512,SCH-001347,2069,58294486,updated
SCH,SCH-000047,SCH-001348,704,97510445,near
SCH,SCH-000317,SCH-001349,2047,25012106,formatting
SCH,SCH-000685,SCH-001350,1092,95094024,formatting
SCH,SCH-000554,SCH-001351,2667,46079842,updated
SCH,SCH-000295,SCH-001352,817,67937221,formatting
SCH,SCH-001083,SCH-001353,1131,41208729,near
SCH,SCH-000357,SCH-001354,1358,39029725,updated
SCH,SCH-000633,SCH-001355,134,24875109,near
SCH,SCH-000037,SCH-001356,880,14542798,near
SCH,SCH-000073,SCH-001357,160,72624210,near
SCH,SCH-000524,SCH-001358,2194,35966874,near
SCH,SCH-000013,SCH-001359,488,73906952,formatting
SCH,SCH-000858,SCH-001360,1748,98126574,updated
SCH,SCH-000592,SCH-001361,804,87083341,near
SCH,SCH-001076,SCH-001362,1314,81436260,near
SCH,SCH-000469,SCH-001363,2662,84513202,exact
SCH,SCH-000704,SCH-001364,1555,75916227,updated
SCH,SCH-000551,SCH-001365,555,43005188,exact
SCH,SCH-000154,SCH-001366,19,37868462,formatting
SCH,SCH-000256,SCH-001367,2878,99127258,near
SCH,SCH-000544,SCH-001368,856,55161836,updated
SCH,SCH-000097,SCH-001369,2452,84469533,updated
SCH,SCH-000157,SCH-001370,1171,49399106,near
SCH,SCH-001081,SCH-001371,701,36252609,formatting
SCH,SCH-000589,SCH-001372,1221,22913709,formatting
SCH,SCH-000334,SCH-001373,489,31246090,near
SCH,SCH-000755,SCH-001374,2973,95115329,near
SCH,SCH-000188,SCH-001375,2211,18343342,updated
SCH,SCH-000895,SCH-001376,262,75655873,updated
SCH,SCH-000691,SCH-001377,2661,87943239,formatting
SCH,SCH-000848,SCH-001378,546,36911168,formatting
SCH,SCH-001049,SCH-001379,1355,36358707,near
SCH,SCH-000950,SCH-001380,1210,37425725,updated
SCH,SCH-000330,SCH-001381,333,40563463,updated
SCH,SCH-000860,SCH-001382,163,78870570,near
SCH,SCH-000676,SCH-001383,407,19819744,near
SCH,SCH-000165,SCH-001384,1329,40930568,near
SCH,SCH-000286,SCH-001385,1593,78320452,formatting
SCH,SCH-000887,SCH-001386,2075,78782838,formatting
SCH,SCH-001044,SCH-001387,1005,80935218,formatting
SCH,SCH-000308,SCH-001388,2039,77636701,formatting
SCH,SCH-000696,SCH-001389,442,69750285,formatting
SCH,SCH-000655,SCH-001390,960,13269183,updated
SCH,SCH-000828,SCH-001391,1771,56995391,near
SCH,SCH-000736,SCH-001392,381,88960861,exact
SCH,SCH-000450,SCH-001393,1390,26699133,formatting
SCH,SCH-000660,SCH-001394,1098,90611355,exact
SCH,SCH-001106,SCH-001395,2967,15838870,exact
SCH,SCH-000088,SCH-001396,2234,21860851,near
SCH,SCH-001102,SCH-001397,1406,74731404,updated
SCH,SCH-000650,SCH-001398,1094,96643468,formatting
SCH,SCH-000484,SCH-001399,2828,54431754,exact
SCH,SCH-000017,SCH-001400,1749,56080521,formatting
SCH,SCH-000172,SCH-001401,734,44845000,exact
SCH,SCH-000504,SCH-001402,1740,83568190,updated
SCH,SCH-000380,SCH-001403,2830,77505434,near
SCH,SCH-000847,SCH-001404,1994,15062785,updated
SCH,SCH-000981,SCH-001405,576,23306584,near
SCH,SCH-001046,SCH-001406,116,88306842,exact
SCH,SCH-000192,SCH-001407,2035,95667481,formatting
SCH,SCH-000201,SCH-001408,1891,80822714,updated
SCH,SCH-001121,SCH-001409,680,51570260,exact
SCH,SCH-000323,SCH-001410,2670,70463012,exact
SCH,SCH-000977,SCH-001411,2010,95190598,exact
SCH,SCH-000432,SCH-001412,184,56047075,formatting
SCH,SCH-000833,SCH-001413,2894,93868796,formatting
SCH,SCH-000269,SCH-001414,291,95716350,formatting
SCH,SCH-000587,SCH-001415,2381,82568847,formatting
SCH,SCH-000620,SCH-001416,1169,15598844,near
SCH,SCH-000982,SCH-001417,1731,30344320,exact
SCH,SCH-001027,SCH-001418,988,42390660,updated
SCH,SCH-001029,SCH-001419,2802,10713121,formatting
SCH,SCH-000525,SCH-001420,1266,46790628,near
SCH,SCH-000095,SCH-001421,412,34219451,formatting
SCH,SCH-000523,SCH-001422,2538,75796428,near
SCH,SCH-000816,SCH-001423,1438,58269850,near
SCH,SCH-000557,SCH-001424,2073,12429893,exact
SCH,SCH-000416,SCH-001425,2501,46793365,near
VOC,VOC-001009,VOC-001126,2528,22065080,formatting
VOC,VOC-000544,VOC-001127,2570,35177082,exact
VOC,VOC-000066,VOC-001128,2242,12952658,near
VOC,VOC-000258,VOC-001129,2715,76597184,near
VOC,VOC-000164,VOC-001130,2863,87754278,exact
VOC,VOC-000679,VOC-001131,1270,82041503,exact
VOC,VOC-000735,VOC-001132,1297,84833535,near
VOC,VOC-000373,VOC-001133,276,12919231,exact
VOC,VOC-000869,VOC-001134,1750,25264369,exact
VOC,VOC-000968,VOC-001135,165,33392072,updated
VOC,VOC-001090,VOC-001136,2637,54756034,formatting
VOC,VOC-000143,VOC-001137,167,88380820,near
VOC,VOC-000163,VOC-001138,1265,75453166,formatting
VOC,VOC-000764,VOC-001139,2522,85251775,near
VOC,VOC-000200,VOC-001140,308,53952205,near
VOC,VOC-000662,VOC-001141,1038,36349479,updated
VOC,VOC-000990,VOC-001142,1838,46069270,near
VOC,VOC-000657,VOC-001143,2531,80397312,near
VOC,VOC-000795,VOC-001144,1254,37852975,near
VOC,VOC-000685,VOC-001145,117,69391930,formatting
VOC,VOC-000896,VOC-001146,2438,89161407,updated
VOC,VOC-000650,VOC-001147,936,21463219,exact
VOC,VOC-000607,VOC-001148,2758,11812674,exact
VOC,VOC-000333,VOC-001149,1025,50468810,formatting
VOC,VOC-000180,VOC-001150,2288,45355912,updated
VOC,VOC-000284,VOC-001151,1583,11951278,near
VOC,VOC-000341,VOC-001152,1476,28774471,formatting
VOC,VOC-000747,VOC-001153,36,32417070,near
VOC,VOC-001040,VOC-001154,806,31829800,near
VOC,VOC-000445,VOC-001155,71,43382936,near
VOC,VOC-001000,VOC-001156,2497,61860619,updated
VOC,VOC-001025,VOC-001157,1251,66752122,formatting
VOC,VOC-000533,VOC-001158,2921,36014440,formatting
VOC,VOC-000202,VOC-001159,803,12458919,updated
VOC,VOC-000482,VOC-001160,2731,67192629,near
VOC,VOC-001040,VOC-001161,806,31829800,near
VOC,VOC-000731,VOC-001162,576,23306584,near
VOC,VOC-000671,VOC-001163,1922,32859170,exact
VOC,VOC-000314,VOC-001164,2481,82462154,near
VOC,VOC-000928,VOC-001165,2607,94060783,formatting
VOC,VOC-001070,VOC-001166,939,90511561,updated
VOC,VOC-000957,VOC-001167,697,95624361,near
VOC,VOC-001017,VOC-001168,652,14288227,near
VOC,VOC-000899,VOC-001169,1534,83907211,exact
VOC,VOC-000358,VOC-001170,1027,10580409,formatting
VOC,VOC-000446,VOC-001171,2233,57584677,near
VOC,VOC-000161,VOC-001172,2666,47871627,formatting
VOC,VOC-000479,VOC-001173,76,74764506,near
VOC,VOC-000403,VOC-001174,1581,16952045,formatting
VOC,VOC-000484,VOC-001175,375,40799334,exact
VOC,VOC-000712,VOC-001176,246,43739900,near
VOC,VOC-000569,VOC-001177,318,26144121,near
VOC,VOC-000091,VOC-001178,451,14456047,near
VOC,VOC-000401,VOC-001179,2976,62901281,near
VOC,VOC-000781,VOC-001180,2415,66230595,formatting
VOC,VOC-000299,VOC-001181,1444,70204171,near
VOC,VOC-000745,VOC-001182,1985,36738225,near
VOC,VOC-000835,VOC-001183,24,33535297,near
VOC,VOC-001016,VOC-001184,2842,63685963,near
VOC,VOC-000639,VOC-001185,1612,69976098,exact
VOC,VOC-000582,VOC-001186,1810,37921512,exact
VOC,VOC-000683,VOC-001187,85,54988861,near
VOC,VOC-000615,VOC-001188,1202,89118492,near
VOC,VOC-000589,VOC-001189,60,64644684,formatting
VOC,VOC-000184,VOC-001190,784,70613787,near
VOC,VOC-000065,VOC-001191,1432,23062971,formatting
VOC,VOC-000725,VOC-001192,460,55925432,near
VOC,VOC-001027,VOC-001193,1256,35520607,near
VOC,VOC-000349,VOC-001194,2800,97956703,updated
VOC,VOC-000577,VOC-001195,305,87470671,updated
VOC,VOC-000801,VOC-001196,1451,31183862,exact
VOC,VOC-000053,VOC-001197,1875,10502052,formatting
VOC,VOC-000735,VOC-001198,1297,84833535,near
VOC,VOC-000924,VOC-001199,13,13600310,updated
VOC,VOC-000434,VOC-001200,1571,88103477,exact
VOC,VOC-001095,VOC-001201,2585,69224618,near
VOC,VOC-000149,VOC-001202,2471,16927312,updated
VOC,VOC-000150,VOC-001203,2616,38673273,exact
VOC,VOC-000152,VOC-001204,2143,77177290,near
VOC,VOC-000808,VOC-001205,2909,47173534,exact
VOC,VOC-000384,VOC-001206,2662,84513202,formatting
VOC,VOC-000777,VOC-001207,2516,71156898,updated
VOC,VOC-000147,VOC-001208,819,49075648,near
VOC,VOC-000870,VOC-001209,2503,51968530,formatting
VOC,VOC-000957,VOC-001210,697,95624361,updated
VOC,VOC-000097,VOC-001211,1500,33179292,near
VOC,VOC-001042,VOC-001212,2673,90254666,updated
VOC,VOC-000344,VOC-001213,287,33516421,updated
VOC,VOC-000318,VOC-001214,1656,47959633,near
VOC,VOC-000172,VOC-001215,1823,26947996,formatting
VOC,VOC-001024,VOC-001216,1805,30528733,formatting
VOC,VOC-000870,VOC-001217,2503,51968530,formatting
VOC,VOC-001062,VOC-001218,400,55324613,near
VOC,VOC-000994,VOC-001219,1002,46663600,near
VOC,VOC-000432,VOC-001220,1935,74318409,formatting
VOC,VOC-000339,VOC-001221,2711,84286913,formatting
VOC,VOC-000824,VOC-001222,203,68535809,updated
VOC,VOC-001018,VOC-001223,2784,78131606,near
VOC,VOC-000935,VOC-001224,949,59803545,formatting
VOC,VOC-000479,VOC-001225,76,74764506,formatting
VOC,VOC-000183,VOC-001226,1239,60267929,formatting
VOC,VOC-000124,VOC-001227,984,55305628,formatting
VOC,VOC-001066,VOC-001228,745,95040154,near
VOC,VOC-000209,VOC-001229,2523,33205321,formatting
VOC,VOC-000576,VOC-001230,2733,68602342,exact
VOC,VOC-000928,VOC-001231,2607,94060783,near
VOC,VOC-000683,VOC-001232,85,54988861,near
VOC,VOC-000039,VOC-001233,2464,91082703,formatting
VOC,VOC-000283,VOC-001234,2655,36135120,formatting
VOC,VOC-000447,VOC-001235,2592,47364992,near
VOC,VOC-000082,VOC-001236,882,29766571,exact
VOC,VOC-001050,VOC-001237,2920,35645457,near
VOC,VOC-000114,VOC-001238,573,50248639,near
VOC,VOC-001117,VOC-001239,2865,97037399,near
VOC,VOC-001024,VOC-001240,1805,30528733,near
VOC,VOC-000707,VOC-001241,1701,63690535,near
VOC,VOC-000339,VOC-001242,2711,84286913,formatting
VOC,VOC-000592,VOC-001243,566,65402833,near
VOC,VOC-000210,VOC-001244,1144,47452871,formatting
VOC,VOC-000542,VOC-001245,1042,25099746,formatting
VOC,VOC-000436,VOC-001246,836,47384667,updated
VOC,VOC-000801,VOC-001247,1451,31183862,updated
VOC,VOC-001060,VOC-001248,2506,12675965,formatting
VOC,VOC-000499,VOC-001249,1564,26195804,near
VOC,VOC-000563,VOC-001250,155,32708438,near
VOC,VOC-001022,VOC-001251,2584,82250099,near
VOC,VOC-000811,VOC-001252,1473,37332854,near
VOC,VOC-000106,VOC-001253,72,46953423,updated
VOC,VOC-000857,VOC-001254,2443,64910054,exact
VOC,VOC-000493,VOC-001255,2849,99646907,near
VOC,VOC-000239,VOC-001256,766,11404682,formatting
VOC,VOC-000857,VOC-001257,2443,64910054,formatting
VOC,VOC-001012,VOC-001258,2712,97043369,formatting
VOC,VOC-000859,VOC-001259,359,68410653,exact
VOC,VOC-000039,VOC-001260,2464,91082703,exact
VOC,VOC-000639,VOC-001261,1612,69976098,exact
VOC,VOC-000867,VOC-001262,1386,98685344,near
VOC,VOC-000158,VOC-001263,2482,78683307,exact
VOC,VOC-000727,VOC-001264,2588,22404243,near
VOC,VOC-000956,VOC-001265,1628,53043124,near
VOC,VOC-000388,VOC-001266,1435,98519805,formatting
VOC,VOC-000901,VOC-001267,2850,28570786,exact
VOC,VOC-000810,VOC-001268,2980,57802228,exact
VOC,VOC-000118,VOC-001269,2431,35144726,exact
VOC,VOC-000705,VOC-001270,2684,21410295,near
VOC,VOC-001040,VOC-001271,806,31829800,formatting
VOC,VOC-000210,VOC-001272,1144,47452871,near
VOC,VOC-000693,VOC-001273,2268,30338272,near
VOC,VOC-000419,VOC-001274,1561,96095674,exact
VOC,VOC-000407,VOC-001275,1929,71604156,updated
VOC,VOC-000163,VOC-001276,1265,75453166,formatting
VOC,VOC-001092,VOC-001277,2879,71413187,updated
VOC,VOC-001032,VOC-001278,2199,30546143,near
VOC,VOC-000700,VOC-001279,542,50292372,near
VOC,VOC-001107,VOC-001280,476,59243476,updated
VOC,VOC-000138,VOC-001281,2578,84618453,formatting
VOC,VOC-000671,VOC-001282,1922,32859170,near
VOC,VOC-000011,VOC-001283,1037,41110667,near
VOC,VOC-000420,VOC-001284,642,77121355,formatting
VOC,VOC-000735,VOC-001285,1297,84833535,formatting
VOC,VOC-000939,VOC-001286,1939,94973393,near
VOC,VOC-000375,VOC-001287,1389,25132415,near
VOC,VOC-000967,VOC-001288,2221,68066393,formatting
VOC,VOC-001090,VOC-001289,2637,54756034,exact
VOC,VOC-000454,VOC-001290,928,37467964,near
VOC,VOC-000831,VOC-001291,2287,19971406,exact
VOC,VOC-000631,VOC-001292,691,80272722,formatting
VOC,VOC-000305,VOC-001293,681,71587674,exact
VOC,VOC-000890,VOC-001294,2401,82957881,formatting
VOC,VOC-001114,VOC-001295,1146,26935536,updated
VOC,VOC-000092,VOC-001296,842,76245685,formatting
VOC,VOC-000809,VOC-001297,676,60984196,formatting
VOC,VOC-000933,VOC-001298,2695,68953251,exact
VOC,VOC-000477,VOC-001299,2425,72606225,formatting
VOC,VOC-000862,VOC-001300,2636,74668530,exact
VOC,VOC-000054,VOC-001301,148,71572793,formatting
VOC,VOC-000274,VOC-001302,2406,74650288,formatting
VOC,VOC-000280,VOC-001303,2560,38889586,updated
VOC,VOC-001036,VOC-001304,2389,46632288,exact
VOC,VOC-000578,VOC-001305,171,61793831,formatting
VOC,VOC-000774,VOC-001306,2280,32907135,formatting
VOC,VOC-000928,VOC-001307,2607,94060783,formatting
VOC,VOC-000163,VOC-001308,1265,75453166,near
VOC,VOC-001055,VOC-001309,903,17259175,near
VOC,VOC-001102,VOC-001310,2505,36578446,near
VOC,VOC-001084,VOC-001311,452,58537393,near
VOC,VOC-000817,VOC-001312,2238,32638266,exact
VOC,VOC-000855,VOC-001313,2982,20135745,exact
VOC,VOC-001047,VOC-001314,651,65277579,updated
VOC,VOC-000750,VOC-001315,2410,73884512,exact
VOC,VOC-000143,VOC-001316,167,88380820,formatting
VOC,VOC-000463,VOC-001317,2257,47603482,formatting
VOC,VOC-000160,VOC-001318,1513,74642957,formatting
VOC,VOC-001100,VOC-001319,2098,74594778,updated
VOC,VOC-001047,VOC-001320,651,65277579,formatting
VOC,VOC-000943,VOC-001321,820,91335378,exact
VOC,VOC-001052,VOC-001322,2944,35444694,near
VOC,VOC-001049,VOC-001323,669,60224330,formatting
VOC,VOC-000632,VOC-001324,30,46160937,formatting
VOC,VOC-000615,VOC-001325,1202,89118492,near
VOC,VOC-000875,VOC-001326,1424,47549488,near
VOC,VOC-000175,VOC-001327,1415,76805175,near
VOC,VOC-000065,VOC-001328,1432,23062971,near
VOC,VOC-000622,VOC-001329,592,85701885,formatting
VOC,VOC-000225,VOC-001330,1493,92850903,near
VOC,VOC-000546,VOC-001331,727,93326883,near
VOC,VOC-000732,VOC-001332,2602,79521092,near
VOC,VOC-000773,VOC-001333,529,25527671,exact
VOC,VOC-000487,VOC-001334,2076,93373651,exact
VOC,VOC-000980,VOC-001335,2213,57317691,updated
VOC,VOC-001050,VOC-001336,2920,35645457,exact
VOC,VOC-000026,VOC-001337,1680,29846665,formatting
VOC,VOC-000857,VOC-001338,2443,64910054,near
VOC,VOC-000970,VOC-001339,1459,24504338,formatting
VOC,VOC-000713,VOC-001340,1551,96244314,exact
VOC,VOC-000614,VOC-001341,2598,80075544,formatting
VOC,VOC-000779,VOC-001342,1485,28156328,near
VOC,VOC-000622,VOC-001343,592,85701885,formatting
VOC,VOC-000579,VOC-001344,1089,91541051,updated
VOC,VOC-000956,VOC-001345,1628,53043124,formatting
VOC,VOC-000068,VOC-001346,750,52550453,formatting
VOC,VOC-000774,VOC-001347,2280,32907135,exact
VOC,VOC-001015,VOC-001348,1001,42530972,formatting
VOC,VOC-000266,VOC-001349,1192,82351312,formatting
VOC,VOC-000908,VOC-001350,664,46881809,formatting
VOC,VOC-000024,VOC-001351,568,46167085,formatting
VOC,VOC-000921,VOC-001352,2151,59735424,exact
VOC,VOC-000790,VOC-001353,514,35976666,exact
VOC,VOC-000769,VOC-001354,2612,17228318,exact
VOC,VOC-000597,VOC-001355,2473,14839862,exact
VOC,VOC-000891,VOC-001356,206,34213769,near
VOC,VOC-000736,VOC-001357,855,80422146,near
VOC,VOC-000866,VOC-001358,1950,34706155,updated
VOC,VOC-000256,VOC-001359,387,81803895,exact
VOC,VOC-000939,VOC-001360,1939,94973393,formatting
VOC,VOC-000499,VOC-001361,1564,26195804,near
VOC,VOC-000327,VOC-001362,2426,65673607,updated
VOC,VOC-000934,VOC-001363,417,62508567,updated
VOC,VOC-000183,VOC-001364,1239,60267929,near
VOC,VOC-000300,VOC-001365,401,61846177,formatting
VOC,VOC-001047,VOC-001366,651,65277579,exact
VOC,VOC-000847,VOC-001367,2336,15513078,near
VOC,VOC-000102,VOC-001368,1883,35980604,updated
VOC,VOC-000525,VOC-001369,2274,20985043,updated
VOC,VOC-000602,VOC-001370,2965,41277403,near
VOC,VOC-000673,VOC-001371,1914,65261046,near
VOC,VOC-000813,VOC-001372,2603,32258756,near
VOC,VOC-000503,VOC-001373,1646,17076084,near
VOC,VOC-001115,VOC-001374,1703,62862467,exact
VOC,VOC-000202,VOC-001375,803,12458919,formatting
VOC,VOC-000588,VOC-001376,1390,26699133,updated
VOC,VOC-000235,VOC-001377,1015,43823840,formatting
VOC,VOC-000694,VOC-001378,2837,77368102,near
VOC,VOC-000928,VOC-001379,2607,94060783,updated
VOC,VOC-000855,VOC-001380,2982,20135745,updated
VOC,VOC-000617,VOC-001381,1619,35100154,updated
VOC,VOC-000561,VOC-001382,325,61911006,formatting
VOC,VOC-000285,VOC-001383,1522,78380880,exact
VOC,VOC-000989,VOC-001384,114,40438156,formatting
VOC,VOC-000578,VOC-001385,171,61793831,near
VOC,VOC-000613,VOC-001386,2786,90190366,formatting
VOC,VOC-000640,VOC-001387,2691,41979969,exact
VOC,VOC-001062,VOC-001388,400,55324613,formatting
VOC,VOC-000779,VOC-001389,1485,28156328,near
VOC,VOC-000746,VOC-001390,1003,72373944,exact
VOC,VOC-001066,VOC-001391,745,95040154,near
VOC,VOC-000256,VOC-001392,387,81803895,near
VOC,VOC-001065,VOC-001393,186,61471131,formatting
VOC,VOC-000283,VOC-001394,2655,36135120,exact
VOC,VOC-000765,VOC-001395,890,40269419,near
VOC,VOC-000254,VOC-001396,1033,14558338,formatting
VOC,VOC-001041,VOC-001397,1196,97153508,near
VOC,VOC-000977,VOC-001398,854,95510088,formatting
VOC,VOC-000870,VOC-001399,2503,51968530,exact
VOC,VOC-000559,VOC-001400,2967,15838870,formatting
VOC,VOC-000582,VOC-001401,1810,37921512,exact
VOC,VOC-000150,VOC-001402,2616,38673273,formatting
VOC,VOC-001025,VOC-001403,1251,66752122,updated
VOC,VOC-000983,VOC-001404,952,88895533,formatting
VOC,VOC-000902,VOC-001405,2240,96417651,formatting
VOC,VOC-000089,VOC-001406,531,89453898,updated
VOC,VOC-000044,VOC-001407,1735,99849459,near
VOC,VOC-000671,VOC-001408,1922,32859170,near
VOC,VOC-000432,VOC-001409,1935,74318409,near
VOC,VOC-000681,VOC-001410,2521,84211554,exact
VOC,VOC-000596,VOC-001411,2386,86149917,formatting
VOC,VOC-000818,VOC-001412,433,84335596,near
VOC,VOC-000643,VOC-001413,480,53365278,near
VOC,VOC-000307,VOC-001414,486,74220011,formatting
VOC,VOC-000595,VOC-001415,2874,62313993,near
VOC,VOC-000755,VOC-001416,1849,78812902,formatting
VOC,VOC-000734,VOC-001417,2698,74145640,near
VOC,VOC-000109,VOC-001418,1800,31465712,updated
VOC,VOC-000090,VOC-001419,1725,25226934,exact
VOC,VOC-000984,VOC-001420,439,41291228,near
VOC,VOC-000528,VOC-001421,1373,12648580,near
VOC,VOC-000683,VOC-001422,85,54988861,near
VOC,VOC-000671,VOC-001423,1922,32859170,formatting
VOC,VOC-000669,VOC-001424,1529,63223998,formatting
VOC,VOC-000773,VOC-001425,529,25527671,updated
PLUS,PLUS-000917,PLUS-001126,1961,74287218,formatting
PLUS,PLUS-000378,PLUS-001127,215,62027391,updated
PLUS,PLUS-000499,PLUS-001128,2234,21860851,formatting
PLUS,PLUS-000716,PLUS-001129,480,53365278,near
PLUS,PLUS-000093,PLUS-001130,2996,91989541,near
PLUS,PLUS-000677,PLUS-001131,922,69372702,updated
PLUS,PLUS-000206,PLUS-001132,1135,82978165,exact
PLUS,PLUS-000835,PLUS-001133,829,44625815,exact
PLUS,PLUS-000064,PLUS-001134,244,41758221,near
PLUS,PLUS-000639,PLUS-001135,826,57712356,formatting
PLUS,PLUS-000398,PLUS-001136,1460,40299882,formatting
PLUS,PLUS-000832,PLUS-001137,684,13306687,exact
PLUS,PLUS-000474,PLUS-001138,2714,45474823,formatting
PLUS,PLUS-000434,PLUS-001139,1825,45151432,formatting
PLUS,PLUS-000186,PLUS-001140,2476,63287172,near
PLUS,PLUS-000944,PLUS-001141,831,76042903,near
PLUS,PLUS-000918,PLUS-001142,1859,29942284,formatting
PLUS,PLUS-000157,PLUS-001143,2035,95667481,exact
PLUS,PLUS-000947,PLUS-001144,2601,73339433,near
PLUS,PLUS-000932,PLUS-001145,2116,74547148,near
PLUS,PLUS-000668,PLUS-001146,899,45214814,formatting
PLUS,PLUS-000892,PLUS-001147,2781,49379157,exact
PLUS,PLUS-000012,PLUS-001148,209,10292428,exact
PLUS,PLUS-000513,PLUS-001149,2580,59887499,exact
PLUS,PLUS-000010,PLUS-001150,1934,80647142,updated
PLUS,PLUS-000083,PLUS-001151,2088,90233459,exact
PLUS,PLUS-000608,PLUS-001152,2299,77569898,formatting
PLUS,PLUS-000308,PLUS-001153,487,42835306,near
PLUS,PLUS-000652,PLUS-001154,555,43005188,formatting
PLUS,PLUS-001072,PLUS-001155,2300,72734318,formatting
PLUS,PLUS-000387,PLUS-001156,2400,31800010,updated
PLUS,PLUS-001013,PLUS-001157,2863,87754278,near
PLUS,PLUS-000159,PLUS-001158,1454,18037525,near
PLUS,PLUS-000895,PLUS-001159,2522,85251775,formatting
PLUS,PLUS-000833,PLUS-001160,593,75025705,near
PLUS,PLUS-000670,PLUS-001161,2672,74434188,exact
PLUS,PLUS-000657,PLUS-001162,1949,14817439,near
PLUS,PLUS-000686,PLUS-001163,2843,90268486,updated
PLUS,PLUS-000283,PLUS-001164,631,88536501,near
PLUS,PLUS-001114,PLUS-001165,1457,79718531,near
PLUS,PLUS-000231,PLUS-001166,1942,41071321,updated
PLUS,PLUS-000157,PLUS-001167,2035,95667481,formatting
PLUS,PLUS-000510,PLUS-001168,2434,42454583,near
PLUS,PLUS-000860,PLUS-001169,2272,29405087,formatting
PLUS,PLUS-000992,PLUS-001170,2538,75796428,formatting
PLUS,PLUS-000205,PLUS-001171,2587,45488502,exact
PLUS,PLUS-000299,PLUS-001172,2897,46389263,near
PLUS,PLUS-000178,PLUS-001173,1234,71631699,near
PLUS,PLUS-000243,PLUS-001174,394,87420166,near
PLUS,PLUS-000854,PLUS-001175,1488,56509909,formatting
PLUS,PLUS-000444,PLUS-001176,533,32395401,updated
PLUS,PLUS-001063,PLUS-001177,1725,25226934,updated
PLUS,PLUS-000147,PLUS-001178,266,89646079,near
PLUS,PLUS-000426,PLUS-001179,169,30036175,updated
PLUS,PLUS-000375,PLUS-001180,2486,17082790,updated
PLUS,PLUS-000154,PLUS-001181,1034,68833120,exact
PLUS,PLUS-000610,PLUS-001182,2421,60721412,formatting
PLUS,PLUS-000324,PLUS-001183,2779,13680680,near
PLUS,PLUS-000060,PLUS-001184,1482,93828732,formatting
PLUS,PLUS-000307,PLUS-001185,969,85127595,updated
PLUS,PLUS-000470,PLUS-001186,1067,42180102,formatting
PLUS,PLUS-000030,PLUS-001187,1697,46260563,near
PLUS,PLUS-000691,PLUS-001188,66,83609531,updated
PLUS,PLUS-000717,PLUS-001189,448,22388317,exact
PLUS,PLUS-000553,PLUS-001190,16,58852098,exact
PLUS,PLUS-000189,PLUS-001191,809,18158813,formatting
PLUS,PLUS-001101,PLUS-001192,1886,53246230,near
PLUS,PLUS-000698,PLUS-001193,2160,62089071,exact
PLUS,PLUS-000352,PLUS-001194,451,14456047,exact
PLUS,PLUS-000967,PLUS-001195,738,38852315,near
PLUS,PLUS-000404,PLUS-001196,1050,95121229,exact
PLUS,PLUS-000943,PLUS-001197,2166,17760673,exact
PLUS,PLUS-000021,PLUS-001198,23,12674689,formatting
PLUS,PLUS-000192,PLUS-001199,1439,57560131,near
PLUS,PLUS-000615,PLUS-001200,99,45064728,formatting
PLUS,PLUS-000826,PLUS-001201,1992,76161613,formatting
PLUS,PLUS-000044,PLUS-001202,1591,12827313,near
PLUS,PLUS-001015,PLUS-001203,1342,60968846,near
PLUS,PLUS-000289,PLUS-001204,861,34996513,exact
PLUS,PLUS-000498,PLUS-001205,772,64047337,near
PLUS,PLUS-000936,PLUS-001206,2936,78060314,updated
PLUS,PLUS-001076,PLUS-001207,1662,89362594,updated
PLUS,PLUS-000966,PLUS-001208,2690,52538666,formatting
PLUS,PLUS-000006,PLUS-001209,2913,50216471,updated
PLUS,PLUS-000260,PLUS-001210,2738,36970791,formatting
PLUS,PLUS-000646,PLUS-001211,343,54819596,near
PLUS,PLUS-000324,PLUS-001212,2779,13680680,near
PLUS,PLUS-000629,PLUS-001213,2431,35144726,formatting
PLUS,PLUS-001099,PLUS-001214,676,60984196,near
PLUS,PLUS-000111,PLUS-001215,1434,43800407,near
PLUS,PLUS-000714,PLUS-001216,477,32451247,near
PLUS,PLUS-001071,PLUS-001217,2360,82003695,near
PLUS,PLUS-000254,PLUS-001218,299,10852813,near
PLUS,PLUS-000128,PLUS-001219,2044,42400492,near
PLUS,PLUS-000862,PLUS-001220,2725,45346366,near
PLUS,PLUS-000535,PLUS-001221,382,62135687,updated
PLUS,PLUS-000513,PLUS-001222,2580,59887499,near
PLUS,PLUS-000748,PLUS-001223,204,44740194,exact
PLUS,PLUS-000494,PLUS-001224,2084,26497914,formatting
PLUS,PLUS-000501,PLUS-001225,968,67612764,updated
PLUS,PLUS-000971,PLUS-001226,1971,18612304,formatting
PLUS,PLUS-000828,PLUS-001227,2111,20969370,near
PLUS,PLUS-000256,PLUS-001228,2895,30947020,exact
PLUS,PLUS-001068,PLUS-001229,2445,15776720,formatting
PLUS,PLUS-000417,PLUS-001230,490,71791460,near
PLUS,PLUS-000457,PLUS-001231,1833,70640795,exact
PLUS,PLUS-000752,PLUS-001232,1606,82592239,near
PLUS,PLUS-000314,PLUS-001233,2115,13145430,formatting
PLUS,PLUS-000734,PLUS-001234,294,52951801,formatting
PLUS,PLUS-000648,PLUS-001235,2416,28443910,formatting
PLUS,PLUS-000277,PLUS-001236,2613,37762436,exact
PLUS,PLUS-000490,PLUS-001237,2090,78479889,formatting
PLUS,PLUS-000815,PLUS-001238,1537,75959809,near
PLUS,PLUS-000328,PLUS-001239,1948,43296039,formatting
PLUS,PLUS-001035,PLUS-001240,1735,99849459,near
PLUS,PLUS-000127,PLUS-001241,1899,93415939,near
PLUS,PLUS-000524,PLUS-001242,449,32095445,updated
PLUS,PLUS-001035,PLUS-001243,1735,99849459,updated
PLUS,PLUS-000185,PLUS-001244,2132,38186515,formatting
PLUS,PLUS-000532,PLUS-001245,1575,45616644,formatting
PLUS,PLUS-000433,PLUS-001246,2709,72895019,updated
PLUS,PLUS-000108,PLUS-001247,2778,56462427,near
PLUS,PLUS-000811,PLUS-001248,828,47586447,near
PLUS,PLUS-001055,PLUS-001249,701,36252609,updated
PLUS,PLUS-000393,PLUS-001250,257,70249712,exact
PLUS,PLUS-000108,PLUS-001251,2778,56462427,formatting
PLUS,PLUS-000392,PLUS-001252,2335,25725946,near
PLUS,PLUS-000079,PLUS-001253,412,34219451,near
PLUS,PLUS-000951,PLUS-001254,2327,67304369,near
PLUS,PLUS-000189,PLUS-001255,809,18158813,formatting
PLUS,PLUS-000846,PLUS-001256,2598,80075544,formatting
PLUS,PLUS-000392,PLUS-001257,2335,25725946,formatting
PLUS,PLUS-000886,PLUS-001258,1954,30833313,near
PLUS,PLUS-000719,PLUS-001259,329,58638387,near
PLUS,PLUS-000882,PLUS-001260,2841,13619039,near
PLUS,PLUS-000155,PLUS-001261,2005,91037151,exact
PLUS,PLUS-000922,PLUS-001262,163,78870570,updated
PLUS,PLUS-000946,PLUS-001263,103,54269149,near
PLUS,PLUS-000645,PLUS-001264,2905,69200912,updated
PLUS,PLUS-000998,PLUS-001265,107,92147935,near
PLUS,PLUS-000539,PLUS-001266,1451,31183862,exact
PLUS,PLUS-001047,PLUS-001267,1105,39652877,formatting
PLUS,PLUS-000673,PLUS-001268,1807,33608547,formatting
PLUS,PLUS-000811,PLUS-001269,828,47586447,near
PLUS,PLUS-000947,PLUS-001270,2601,73339433,exact
PLUS,PLUS-001048,PLUS-001271,1574,82987126,formatting
PLUS,PLUS-000163,PLUS-001272,1472,71524281,exact
PLUS,PLUS-000414,PLUS-001273,1875,10502052,formatting
PLUS,PLUS-000114,PLUS-001274,1154,90102255,formatting
PLUS,PLUS-000973,PLUS-001275,1838,46069270,formatting
PLUS,PLUS-000552,PLUS-001276,2978,66844852,near
PLUS,PLUS-000386,PLUS-001277,2169,38710184,near
PLUS,PLUS-000491,PLUS-001278,519,89984645,exact
PLUS,PLUS-000187,PLUS-001279,2232,18537725,exact
PLUS,PLUS-000310,PLUS-001280,1322,86828416,near
PLUS,PLUS-000672,PLUS-001281,2693,92747419,exact
PLUS,PLUS-000487,PLUS-001282,810,85272184,exact
PLUS,PLUS-000952,PLUS-001283,361,90410541,near
PLUS,PLUS-000521,PLUS-001284,615,87169073,near
PLUS,PLUS-000681,PLUS-001285,759,49734257,near
PLUS,PLUS-000203,PLUS-001286,672,83206688,exact
PLUS,PLUS-000121,PLUS-001287,1692,62193650,near
PLUS,PLUS-000219,PLUS-001288,2307,14708370,updated
PLUS,PLUS-000657,PLUS-001289,1949,14817439,updated
PLUS,PLUS-000772,PLUS-001290,673,37448673,near
PLUS,PLUS-000192,PLUS-001291,1439,57560131,formatting
PLUS,PLUS-001115,PLUS-001292,1916,78564064,near
PLUS,PLUS-000709,PLUS-001293,986,90267569,near
PLUS,PLUS-000234,PLUS-001294,884,60850210,near
PLUS,PLUS-000464,PLUS-001295,2611,65632441,formatting
PLUS,PLUS-000761,PLUS-001296,2743,61335115,exact
PLUS,PLUS-000854,PLUS-001297,1488,56509909,updated
PLUS,PLUS-001074,PLUS-001298,1524,68802124,formatting
PLUS,PLUS-000972,PLUS-001299,139,62904575,formatting
PLUS,PLUS-000166,PLUS-001300,1194,60524625,exact
PLUS,PLUS-000971,PLUS-001301,1971,18612304,formatting
PLUS,PLUS-000160,PLUS-001302,2140,49707312,near
PLUS,PLUS-000919,PLUS-001303,1208,88931606,exact
PLUS,PLUS-000588,PLUS-001304,130,45827376,updated
PLUS,PLUS-000044,PLUS-001305,1591,12827313,exact
PLUS,PLUS-000247,PLUS-001306,45,48468887,formatting
PLUS,PLUS-000122,PLUS-001307,1359,98451307,updated
PLUS,PLUS-000350,PLUS-001308,1627,75817532,near
PLUS,PLUS-000155,PLUS-001309,2005,91037151,updated
PLUS,PLUS-000029,PLUS-001310,2217,73913779,exact
PLUS,PLUS-000109,PLUS-001311,165,33392072,updated
PLUS,PLUS-000460,PLUS-001312,2438,89161407,exact
PLUS,PLUS-000556,PLUS-001313,1274,87636397,exact
PLUS,PLUS-000419,PLUS-001314,2180,24219003,formatting
PLUS,PLUS-000511,PLUS-001315,2285,21276223,exact
PLUS,PLUS-001066,PLUS-001316,1958,23582811,exact
PLUS,PLUS-001080,PLUS-001317,763,32653778,exact
PLUS,PLUS-000046,PLUS-001318,1768,43402877,updated
PLUS,PLUS-000767,PLUS-001319,1286,27409552,updated
PLUS,PLUS-000056,PLUS-001320,777,51964629,updated
PLUS,PLUS-000677,PLUS-001321,922,69372702,formatting
PLUS,PLUS-000889,PLUS-001322,447,95031405,exact
PLUS,PLUS-000268,PLUS-001323,385,61617675,updated
PLUS,PLUS-000760,PLUS-001324,1732,41635154,near
PLUS,PLUS-000331,PLUS-001325,2001,69686509,near
PLUS,PLUS-000549,PLUS-001326,2266,65001524,exact
PLUS,PLUS-000781,PLUS-001327,2540,19607241,formatting
PLUS,PLUS-000007,PLUS-001328,1260,12782247,updated
PLUS,PLUS-000155,PLUS-001329,2005,91037151,formatting
PLUS,PLUS-000396,PLUS-001330,562,33630872,updated
PLUS,PLUS-000860,PLUS-001331,2272,29405087,near
PLUS,PLUS-000585,PLUS-001332,721,47767869,formatting
PLUS,PLUS-000070,PLUS-001333,69,11101134,formatting
PLUS,PLUS-000590,PLUS-001334,437,43318451,formatting
PLUS,PLUS-000627,PLUS-001335,1414,89868447,updated
PLUS,PLUS-000136,PLUS-001336,2334,10853065,near
PLUS,PLUS-001103,PLUS-001337,2364,30065669,formatting
PLUS,PLUS-000496,PLUS-001338,1802,80854964,near
PLUS,PLUS-000204,PLUS-001339,2534,14305217,exact
PLUS,PLUS-000873,PLUS-001340,1761,86938012,near
PLUS,PLUS-000112,PLUS-001341,740,97108374,near
PLUS,PLUS-000675,PLUS-001342,2680,40214458,formatting
PLUS,PLUS-000666,PLUS-001343,1010,90224792,exact
PLUS,PLUS-000814,PLUS-001344,1254,37852975,exact
PLUS,PLUS-000125,PLUS-001345,383,47117787,near
PLUS,PLUS-000247,PLUS-001346,45,48468887,updated
PLUS,PLUS-000422,PLUS-001347,2944,35444694,near
PLUS,PLUS-000479,PLUS-001348,1450,68239787,exact
PLUS,PLUS-000557,PLUS-001349,339,71195665,formatting
PLUS,PLUS-000467,PLUS-001350,1236,30858205,near
PLUS,PLUS-001053,PLUS-001351,2047,25012106,exact
PLUS,PLUS-000088,PLUS-001352,2126,88733055,near
PLUS,PLUS-001076,PLUS-001353,1662,89362594,updated
PLUS,PLUS-000368,PLUS-001354,833,32493148,near
PLUS,PLUS-000071,PLUS-001355,2042,59079312,near
PLUS,PLUS-000946,PLUS-001356,103,54269149,near
PLUS,PLUS-000717,PLUS-001357,448,22388317,exact
PLUS,PLUS-000735,PLUS-001358,2248,22100825,exact
PLUS,PLUS-000991,PLUS-001359,854,95510088,updated
PLUS,PLUS-000069,PLUS-001360,1714,28067677,updated
PLUS,PLUS-000431,PLUS-001361,2915,97499117,exact
PLUS,PLUS-000814,PLUS-001362,1254,37852975,formatting
PLUS,PLUS-000737,PLUS-001363,1306,32959320,exact
PLUS,PLUS-000144,PLUS-001364,1494,78313344,updated
PLUS,PLUS-000984,PLUS-001365,511,30448683,formatting
PLUS,PLUS-000739,PLUS-001366,82,92138779,near
PLUS,PLUS-000777,PLUS-001367,1282,31948898,exact
PLUS,PLUS-000968,PLUS-001368,2867,48662280,near
PLUS,PLUS-000408,PLUS-001369,1791,99548878,updated
PLUS,PLUS-000676,PLUS-001370,2999,48312600,formatting
PLUS,PLUS-000648,PLUS-001371,2416,28443910,formatting
PLUS,PLUS-001045,PLUS-001372,1173,91699111,formatting
PLUS,PLUS-000108,PLUS-001373,2778,56462427,formatting
PLUS,PLUS-001117,PLUS-001374,72,46953423,near
PLUS,PLUS-000598,PLUS-001375,159,91339562,exact
PLUS,PLUS-001107,PLUS-001376,2184,63606649,exact
PLUS,PLUS-000624,PLUS-001377,598,83012855,exact
PLUS,PLUS-000760,PLUS-001378,1732,41635154,formatting
PLUS,PLUS-000757,PLUS-001379,2256,96688443,formatting
PLUS,PLUS-000565,PLUS-001380,2242,12952658,near
PLUS,PLUS-000340,PLUS-001381,2010,95190598,formatting
PLUS,PLUS-000981,PLUS-001382,2789,37715114,exact
PLUS,PLUS-000449,PLUS-001383,1665,95120667,exact
PLUS,PLUS-000176,PLUS-001384,77,62731823,updated
PLUS,PLUS-000558,PLUS-001385,386,67022224,near
PLUS,PLUS-000936,PLUS-001386,2936,78060314,near
PLUS,PLUS-001057,PLUS-001387,1186,80973199,formatting
PLUS,PLUS-000198,PLUS-001388,1397,73841910,formatting
PLUS,PLUS-000927,PLUS-001389,2378,89797435,exact
PLUS,PLUS-000414,PLUS-001390,1875,10502052,formatting
PLUS,PLUS-000708,PLUS-001391,699,51105057,formatting
PLUS,PLUS-000026,PLUS-001392,1215,23488183,formatting
PLUS,PLUS-000547,PLUS-001393,1385,85306558,updated
PLUS,PLUS-000208,PLUS-001394,2770,78238599,updated
PLUS,PLUS-001030,PLUS-001395,2437,55583827,exact
PLUS,PLUS-000179,PLUS-001396,2466,79509204,near
PLUS,PLUS-000455,PLUS-001397,2391,56624300,near
PLUS,PLUS-000264,PLUS-001398,848,45668220,updated
PLUS,PLUS-000374,PLUS-001399,1214,31034531,near
PLUS,PLUS-000110,PLUS-001400,1704,67742815,formatting
PLUS,PLUS-000217,PLUS-001401,441,45545064,near
PLUS,PLUS-000588,PLUS-001402,130,45827376,formatting
PLUS,PLUS-000015,PLUS-001403,1823,26947996,near
PLUS,PLUS-000439,PLUS-001404,2674,15843117,near
PLUS,PLUS-000466,PLUS-001405,2192,68997676,updated
PLUS,PLUS-000333,PLUS-001406,468,87525372,near
PLUS,PLUS-000614,PLUS-001407,2403,70404159,formatting
PLUS,PLUS-000922,PLUS-001408,163,78870570,updated
PLUS,PLUS-000069,PLUS-001409,1714,28067677,near
PLUS,PLUS-000392,PLUS-001410,2335,25725946,near
PLUS,PLUS-000760,PLUS-001411,1732,41635154,formatting
PLUS,PLUS-000649,PLUS-001412,582,53305731,exact
PLUS,PLUS-000833,PLUS-001413,593,75025705,formatting
PLUS,PLUS-000886,PLUS-001414,1954,30833313,formatting
PLUS,PLUS-000089,PLUS-001415,1779,94650751,exact
PLUS,PLUS-000187,PLUS-001416,2232,18537725,updated
PLUS,PLUS-000008,PLUS-001417,1133,60057264,exact
PLUS,PLUS-000893,PLUS-001418,2061,72002380,formatting
PLUS,PLUS-000822,PLUS-001419,1184,43030672,near
PLUS,PLUS-000374,PLUS-001420,1214,31034531,exact
PLUS,PLUS-000837,PLUS-001421,176,12012537,near
PLUS,PLUS-000963,PLUS-001422,32,50998106,exact
PLUS,PLUS-000608,PLUS-001423,2299,77569898,near
PLUS,PLUS-000566,PLUS-001424,671,79250561,near
PLUS,PLUS-000327,PLUS-001425,428,25457874,formatting
TECH,TECH-000270,TECH-001126,562,33630872,formatting
TECH,TECH-000386,TECH-001127,1134,69002986,exact
TECH,TECH-000140,TECH-001128,2278,11083382,formatting
TECH,TECH-000661,TECH-001129,1699,48462628,near
TECH,TECH-000017,TECH-001130,2419,60204030,updated
TECH,TECH-000571,TECH-001131,638,20136881,formatting
TECH,TECH-000021,TECH-001132,1600,40676127,near
TECH,TECH-000097,TECH-001133,1701,63690535,formatting
TECH,TECH-000138,TECH-001134,2402,56675977,formatting
TECH,TECH-000496,TECH-001135,443,50545587,updated
TECH,TECH-000613,TECH-001136,599,17170147,updated
TECH,TECH-000577,TECH-001137,1980,14866710,formatting
TECH,TECH-000139,TECH-001138,519,89984645,formatting
TECH,TECH-000576,TECH-001139,2192,68997676,updated
TECH,TECH-001008,TECH-001140,1987,48373096,updated
TECH,TECH-000506,TECH-001141,2674,15843117,near
TECH,TECH-000571,TECH-001142,638,20136881,near
TECH,TECH-000117,TECH-001143,772,64047337,formatting
TECH,TECH-000159,TECH-001144,1215,23488183,formatting
TECH,TECH-000378,TECH-001145,1789,27697461,near
TECH,TECH-000254,TECH-001146,1324,72458202,formatting
TECH,TECH-000485,TECH-001147,2107,72768816,updated
TECH,TECH-000927,TECH-001148,2736,99338984,near
TECH,TECH-000861,TECH-001149,498,50546917,exact
TECH,TECH-000991,TECH-001150,1419,92509986,exact
TECH,TECH-000578,TECH-001151,2340,32046483,exact
TECH,TECH-000742,TECH-001152,172,91181404,near
TECH,TECH-000745,TECH-001153,2621,94271736,exact
TECH,TECH-000473,TECH-001154,83,71410640,near
TECH,TECH-000869,TECH-001155,487,42835306,near
TECH,TECH-000284,TECH-001156,212,77551168,near
TECH,TECH-000299,TECH-001157,616,70346785,near
TECH,TECH-000452,TECH-001158,2134,39930875,formatting
TECH,TECH-000648,TECH-001159,2255,67011369,exact
TECH,TECH-000301,TECH-001160,2295,46990787,near
TECH,TECH-000625,TECH-001161,913,68379988,updated
TECH,TECH-000075,TECH-001162,2117,70819026,updated
TECH,TECH-001059,TECH-001163,931,40971850,near
TECH,TECH-000568,TECH-001164,564,60564531,formatting
TECH,TECH-001116,TECH-001165,1010,90224792,exact
TECH,TECH-001086,TECH-001166,2541,78835811,formatting
TECH,TECH-000693,TECH-001167,2259,30513743,near
TECH,TECH-000023,TECH-001168,2805,20135658,near
TECH,TECH-000514,TECH-001169,1821,77431786,updated
TECH,TECH-001035,TECH-001170,2052,42724072,near
TECH,TECH-000484,TECH-001171,24,33535297,exact
TECH,TECH-000051,TECH-001172,1017,57535503,near
TECH,TECH-000039,TECH-001173,2860,62386745,exact
TECH,TECH-000146,TECH-001174,2849,99646907,formatting
TECH,TECH-000484,TECH-001175,24,33535297,formatting
TECH,TECH-000044,TECH-001176,1507,80019294,near
TECH,TECH-000314,TECH-001177,2230,21646351,exact
TECH,TECH-001055,TECH-001178,676,60984196,near
TECH,TECH-000330,TECH-001179,902,92455201,updated
TECH,TECH-000051,TECH-001180,1017,57535503,exact
TECH,TECH-001034,TECH-001181,2332,64387805,formatting
TECH,TECH-000395,TECH-001182,2270,37735363,formatting
TECH,TECH-000438,TECH-001183,1242,24651096,near
TECH,TECH-000228,TECH-001184,2287,19971406,exact
TECH,TECH-001052,TECH-001185,2643,76604568,near
TECH,TECH-000654,TECH-001186,2650,85614882,near
TECH,TECH-000555,TECH-001187,129,52057523,near
TECH,TECH-000298,TECH-001188,986,90267569,near
TECH,TECH-000654,TECH-001189,2650,85614882,near
TECH,TECH-000224,TECH-001190,448,22388317,updated
TECH,TECH-000230,TECH-001191,1270,82041503,updated
TECH,TECH-000789,TECH-001192,107,92147935,exact
TECH,TECH-001030,TECH-001193,997,70692728,near
TECH,TECH-000432,TECH-001194,1022,49353426,updated
TECH,TECH-000528,TECH-001195,2827,97389730,formatting
TECH,TECH-000730,TECH-001196,811,48226449,formatting
TECH,TECH-000586,TECH-001197,390,86140861,near
TECH,TECH-000494,TECH-001198,1267,50511614,exact
TECH,TECH-000686,TECH-001199,2985,76738801,formatting
TECH,TECH-000015,TECH-001200,491,46545801,updated
TECH,TECH-001049,TECH-001201,762,44065587,updated
TECH,TECH-000784,TECH-001202,731,31193066,exact
TECH,TECH-000065,TECH-001203,1472,71524281,formatting
TECH,TECH-000632,TECH-001204,1861,87241350,formatting
TECH,TECH-000229,TECH-001205,1801,55299368,near
TECH,TECH-000861,TECH-001206,498,50546917,near
TECH,TECH-000779,TECH-001207,336,94759650,exact
TECH,TECH-000206,TECH-001208,1141,15021097,formatting
TECH,TECH-000057,TECH-001209,264,13254023,formatting
TECH,TECH-000718,TECH-001210,582,53305731,formatting
TECH,TECH-001004,TECH-001211,1618,75413577,formatting
TECH,TECH-000563,TECH-001212,1446,81309530,formatting
TECH,TECH-000145,TECH-001213,1256,35520607,near
TECH,TECH-000205,TECH-001214,456,99716761,exact
TECH,TECH-000693,TECH-001215,2259,30513743,near
TECH,TECH-000079,TECH-001216,381,88960861,formatting
TECH,TECH-000828,TECH-001217,2319,18979224,formatting
TECH,TECH-000588,TECH-001218,145,70173215,formatting
TECH,TECH-000815,TECH-001219,2102,99309976,formatting
TECH,TECH-000436,TECH-001220,1311,63101260,exact
TECH,TECH-000788,TECH-001221,281,43866730,near
TECH,TECH-000340,TECH-001222,2629,96974887,exact
TECH,TECH-000032,TECH-001223,30,46160937,formatting
TECH,TECH-000065,TECH-001224,1472,71524281,formatting
TECH,TECH-000564,TECH-001225,1397,73841910,updated
TECH,TECH-000152,TECH-001226,774,16774455,near
TECH,TECH-000228,TECH-001227,2287,19971406,updated
TECH,TECH-000993,TECH-001228,2188,41809725,formatting
TECH,TECH-000139,TECH-001229,519,89984645,near
TECH,TECH-000167,TECH-001230,2522,85251775,formatting
TECH,TECH-001005,TECH-001231,1583,11951278,formatting
TECH,TECH-000978,TECH-001232,2909,47173534,formatting
TECH,TECH-000937,TECH-001233,2075,78782838,formatting
TECH,TECH-000060,TECH-001234,409,20548786,near
TECH,TECH-000284,TECH-001235,212,77551168,exact
TECH,TECH-000884,TECH-001236,2412,32280888,updated
TECH,TECH-001124,TECH-001237,2677,17625072,formatting
TECH,TECH-000214,TECH-001238,1847,74492536,near
TECH,TECH-000194,TECH-001239,2608,52137942,updated
TECH,TECH-000901,TECH-001240,2396,58384994,exact
TECH,TECH-000409,TECH-001241,345,72505408,near
TECH,TECH-000984,TECH-001242,2596,68136765,near
TECH,TECH-000070,TECH-001243,581,34566728,exact
TECH,TECH-001039,TECH-001244,2870,58285562,updated
TECH,TECH-000391,TECH-001245,815,23873812,exact
TECH,TECH-000160,TECH-001246,2252,56590046,near
TECH,TECH-000252,TECH-001247,1707,62920955,exact
TECH,TECH-000209,TECH-001248,389,37402375,updated
TECH,TECH-000880,TECH-001249,15,11523452,updated
TECH,TECH-000618,TECH-001250,1530,96194417,near
TECH,TECH-001071,TECH-001251,1198,11638822,near
TECH,TECH-000995,TECH-001252,1898,80899398,formatting
TECH,TECH-000115,TECH-001253,1379,74535895,exact
TECH,TECH-000901,TECH-001254,2396,58384994,updated
TECH,TECH-000227,TECH-001255,1066,73252068,formatting
TECH,TECH-000118,TECH-001256,315,86471037,near
TECH,TECH-000441,TECH-001257,288,18024377,formatting
TECH,TECH-000288,TECH-001258,771,11546923,formatting
TECH,TECH-000479,TECH-001259,1229,60671655,formatting
TECH,TECH-001083,TECH-001260,1331,18175303,near
TECH,TECH-000886,TECH-001261,1970,44436835,updated
TECH,TECH-000910,TECH-001262,1008,53380330,formatting
TECH,TECH-000123,TECH-001263,482,31958106,near
TECH,TECH-001121,TECH-001264,1412,19576043,near
TECH,TECH-000047,TECH-001265,1329,40930568,formatting
TECH,TECH-000031,TECH-001266,884,60850210,exact
TECH,TECH-000068,TECH-001267,742,38218853,near
TECH,TECH-000826,TECH-001268,2207,52977271,exact
TECH,TECH-000430,TECH-001269,2093,34914143,formatting
TECH,TECH-000060,TECH-001270,409,20548786,near
TECH,TECH-000141,TECH-001271,796,85253501,near
TECH,TECH-000489,TECH-001272,1860,31225952,exact
TECH,TECH-000685,TECH-001273,2454,78387472,exact
TECH,TECH-000255,TECH-001274,2170,53771746,formatting
TECH,TECH-000329,TECH-001275,85,54988861,near
TECH,TECH-000360,TECH-001276,2509,92720952,near
TECH,TECH-000157,TECH-001277,2715,76597184,near
TECH,TECH-000601,TECH-001278,837,89811209,near
TECH,TECH-000616,TECH-001279,278,62019290,formatting
TECH,TECH-001044,TECH-001280,590,99466466,updated
TECH,TECH-001110,TECH-001281,123,28241849,exact
TECH,TECH-000280,TECH-001282,3,64914054,formatting
TECH,TECH-000553,TECH-001283,2610,86599891,formatting
TECH,TECH-000282,TECH-001284,39,60012498,exact
TECH,TECH-000257,TECH-001285,2040,79752010,exact
TECH,TECH-001006,TECH-001286,1569,33851205,formatting
TECH,TECH-000698,TECH-001287,521,14918680,near
TECH,TECH-000008,TECH-001288,252,69566993,formatting
TECH,TECH-000704,TECH-001289,780,60857535,formatting
TECH,TECH-000011,TECH-001290,406,42292892,near
TECH,TECH-000838,TECH-001291,1722,53634616,formatting
TECH,TECH-000465,TECH-001292,1827,20599735,exact
TECH,TECH-000459,TECH-001293,2958,31744118,near
TECH,TECH-000585,TECH-001294,2857,48065927,updated
TECH,TECH-000006,TECH-001295,1299,49585077,updated
TECH,TECH-000607,TECH-001296,1345,93410225,near
TECH,TECH-000511,TECH-001297,2460,36971737,near
TECH,TECH-000655,TECH-001298,829,44625815,formatting
TECH,TECH-000206,TECH-001299,1141,15021097,near
TECH,TECH-000363,TECH-001300,2043,52549710,near
TECH,TECH-001107,TECH-001301,1904,56379398,near
TECH,TECH-000442,TECH-001302,2867,48662280,updated
TECH,TECH-000632,TECH-001303,1861,87241350,near
TECH,TECH-000400,TECH-001304,1605,84541703,exact
TECH,TECH-000497,TECH-001305,2986,71523036,updated
TECH,TECH-000027,TECH-001306,1811,22330471,formatting
TECH,TECH-000892,TECH-001307,1086,91536470,exact
TECH,TECH-000350,TECH-001308,1823,26947996,exact
TECH,TECH-000208,TECH-001309,1133,60057264,near
TECH,TECH-000186,TECH-001310,2193,19492547,near
TECH,TECH-000412,TECH-001311,682,57778592,exact
TECH,TECH-000988,TECH-001312,1903,70665647,updated
TECH,TECH-000827,TECH-001313,1437,14492483,exact
TECH,TECH-000461,TECH-001314,1923,21477571,exact
TECH,TECH-000685,TECH-001315,2454,78387472,near
TECH,TECH-000825,TECH-001316,1932,89722688,exact
TECH,TECH-000709,TECH-001317,440,87657839,near
TECH,TECH-000619,TECH-001318,808,69715793,updated
TECH,TECH-000818,TECH-001319,2927,57019856,formatting
TECH,TECH-000376,TECH-001320,121,51262331,near
TECH,TECH-001120,TECH-001321,276,12919231,updated
TECH,TECH-001125,TECH-001322,2538,75796428,near
TECH,TECH-000224,TECH-001323,448,22388317,exact
TECH,TECH-000064,TECH-001324,525,20999047,updated
TECH,TECH-001070,TECH-001325,1293,90004656,near
TECH,TECH-000670,TECH-001326,2125,28148594,exact
TECH,TECH-001002,TECH-001327,2290,28894885,updated
TECH,TECH-000011,TECH-001328,406,42292892,exact
TECH,TECH-000206,TECH-001329,1141,15021097,updated
TECH,TECH-000277,TECH-001330,2892,62794884,near
TECH,TECH-000277,TECH-001331,2892,62794884,formatting
TECH,TECH-001091,TECH-001332,1301,17334310,formatting
TECH,TECH-000381,TECH-001333,1795,77191418,exact
TECH,TECH-001096,TECH-001334,2056,42659117,exact
TECH,TECH-000811,TECH-001335,1844,79553479,exact
TECH,TECH-000030,TECH-001336,912,41858513,exact
TECH,TECH-000264,TECH-001337,1658,97371709,exact
TECH,TECH-000587,TECH-001338,922,69372702,formatting
TECH,TECH-000790,TECH-001339,1470,61696348,formatting
TECH,TECH-000942,TECH-001340,364,65353136,formatting
TECH,TECH-000098,TECH-001341,2923,14511005,formatting
TECH,TECH-000173,TECH-001342,2302,12273686,exact
TECH,TECH-000432,TECH-001343,1022,49353426,near
TECH,TECH-000687,TECH-001344,1172,42904667,near
TECH,TECH-000911,TECH-001345,975,38403396,formatting
TECH,TECH-001002,TECH-001346,2290,28894885,formatting
TECH,TECH-000914,TECH-001347,384,72220991,near
TECH,TECH-000566,TECH-001348,1826,58229521,near
TECH,TECH-000027,TECH-001349,1811,22330471,near
TECH,TECH-001016,TECH-001350,303,80491768,exact
TECH,TECH-000925,TECH-001351,400,55324613,near
TECH,TECH-000245,TECH-001352,47,80517332,formatting
TECH,TECH-001092,TECH-001353,648,42056846,formatting
TECH,TECH-000616,TECH-001354,278,62019290,updated
TECH,TECH-000431,TECH-001355,2910,67385857,near
TECH,TECH-000891,TECH-001356,140,21970652,updated
TECH,TECH-000117,TECH-001357,772,64047337,formatting
TECH,TECH-000135,TECH-001358,1712,94856640,near
TECH,TECH-001119,TECH-001359,2087,90547120,near
TECH,TECH-000772,TECH-001360,1189,78040572,exact
TECH,TECH-000884,TECH-001361,2412,32280888,updated
TECH,TECH-000259,TECH-001362,2320,54343467,exact
TECH,TECH-000100,TECH-001363,1439,57560131,exact
TECH,TECH-000427,TECH-001364,1287,46102405,exact
TECH,TECH-000008,TECH-001365,252,69566993,updated
TECH,TECH-000889,TECH-001366,2890,78234708,near
TECH,TECH-000863,TECH-001367,2556,79467412,near
TECH,TECH-000511,TECH-001368,2460,36971737,formatting
TECH,TECH-000032,TECH-001369,30,46160937,formatting
TECH,TECH-000526,TECH-001370,272,17522634,near
TECH,TECH-000706,TECH-001371,2229,97024584,near
TECH,TECH-000207,TECH-001372,1275,77666154,updated
TECH,TECH-000092,TECH-001373,630,20324372,near
TECH,TECH-000341,TECH-001374,2617,25861239,formatting
TECH,TECH-001059,TECH-001375,931,40971850,exact
TECH,TECH-000700,TECH-001376,393,48785862,exact
TECH,TECH-000559,TECH-001377,1468,61159757,exact
TECH,TECH-000313,TECH-001378,754,18990534,updated
TECH,TECH-001053,TECH-001379,2649,86279469,exact
TECH,TECH-000056,TECH-001380,567,97506740,near
TECH,TECH-000220,TECH-001381,2947,44887843,exact
TECH,TECH-001058,TECH-001382,2898,22425993,updated
TECH,TECH-000060,TECH-001383,409,20548786,formatting
TECH,TECH-000898,TECH-001384,1355,36358707,near
TECH,TECH-000657,TECH-001385,2142,79865892,near
TECH,TECH-000213,TECH-001386,319,81393856,formatting
TECH,TECH-000809,TECH-001387,2749,90836216,near
TECH,TECH-000295,TECH-001388,1518,90632613,near
TECH,TECH-000867,TECH-001389,215,62027391,formatting
TECH,TECH-000619,TECH-001390,808,69715793,exact
TECH,TECH-000740,TECH-001391,790,63687857,formatting
TECH,TECH-000484,TECH-001392,24,33535297,near
TECH,TECH-000173,TECH-001393,2302,12273686,near
TECH,TECH-000566,TECH-001394,1826,58229521,near
TECH,TECH-000636,TECH-001395,827,99390140,formatting
TECH,TECH-000886,TECH-001396,1970,44436835,exact
TECH,TECH-000230,TECH-001397,1270,82041503,near
TECH,TECH-000996,TECH-001398,2210,42160084,formatting
TECH,TECH-000738,TECH-001399,2623,92229647,formatting
TECH,TECH-000614,TECH-001400,2417,45611439,near
TECH,TECH-000025,TECH-001401,1302,58913280,exact
TECH,TECH-000451,TECH-001402,1212,24346289,near
TECH,TECH-000258,TECH-001403,2186,79415978,formatting
TECH,TECH-000959,TECH-001404,382,62135687,exact
TECH,TECH-000846,TECH-001405,862,21071555,formatting
TECH,TECH-000200,TECH-001406,1157,21409636,formatting
TECH,TECH-000047,TECH-001407,1329,40930568,near
TECH,TECH-000481,TECH-001408,1210,37425725,near
TECH,TECH-000104,TECH-001409,1122,93757881,formatting
TECH,TECH-000275,TECH-001410,2084,26497914,near
TECH,TECH-001038,TECH-001411,2563,28699996,near
TECH,TECH-000590,TECH-001412,1679,13856812,near
TECH,TECH-000099,TECH-001413,1474,64739517,formatting
TECH,TECH-000058,TECH-001414,1855,71596905,near
TECH,TECH-000920,TECH-001415,2828,54431754,formatting
TECH,TECH-000027,TECH-001416,1811,22330471,near
TECH,TECH-000221,TECH-001417,372,52943014,near
TECH,TECH-000521,TECH-001418,2139,82494405,updated
TECH,TECH-000526,TECH-001419,272,17522634,near
TECH,TECH-000211,TECH-001420,2683,98996499,near
TECH,TECH-000478,TECH-001421,469,31566119,exact
TECH,TECH-001117,TECH-001422,2251,51367965,near
TECH,TECH-000491,TECH-001423,1779,94650751,exact
TECH,TECH-000590,TECH-001424,1679,13856812,near
TECH,TECH-001111,TECH-001425,78,25103503,updated
